,currentStim,nbofobs,accfam,countguess,countmem,accfamstd,accmem,accmemstd,confidence,confstd,curiosity,curstd,aha,ahastd,imgName,entropyMooney,entropyGrayscale,structSim,selfSimilarityMooney,selfSimilarityGrayscale,PHOGcomplexityMooney,PHOGcomplexityGrayscale,anisotropyMooney,anisotropyGrayscale,edgeEntropyMooney,edgeEntropyGrayscale
0,../img/tt/001tt.jpg,100,0.66,78,77,0.47609522856952335,0.49,0.5024183937956914,1.54,1.5269961269489756,4.14,1.4976075196219745,3.31,1.9730251602116693,1,1.7563119369780502,7.35050509430528,0.35413412584016496,0.5243899999999999,0.56992,6.2874,21.088,0.0014292999999999999,0.0012602,0.18230189193230897,0.5730230529905329
1,../img/tt/007tt.jpg,99,0.8484848484848485,71,85,0.36037498507822363,0.7272727272727273,0.4476282581717945,1.595959595959596,1.7138046463053467,4.202020202020202,1.5712973840032542,3.1515151515151514,2.076907219703828,7,3.04618251925314,7.834112971036331,0.17641700060985,0.65547,0.67581,10.796,14.386,0.00069122,0.00029195,0.25927231132768697,0.5659859309738721
2,../img/tt/008tt.jpg,92,0.9021739130434783,72,77,0.2987072001139317,0.75,0.4353853919924732,1.2826086956521738,1.3613671776750853,4.010869565217392,1.6541294660612622,3.510869565217391,1.6804928974572324,8,2.0987154360421396,7.739232578870389,0.30408445718110105,0.5181,0.53891,9.2955,11.040999999999999,0.0015703,0.00069493,0.22132290346582503,0.4073135098145779
3,../img/tt/010tt.jpg,115,0.8521739130434782,71,67,0.3564808073096892,0.30434782608695654,0.46214437334604436,0.8608695652173913,1.107288109085318,3.965217391304348,1.680280024608517,3.208695652173913,2.0152734879219945,10,1.5978334593543702,5.56503129089565,0.0907985489520151,0.41812,0.54948,6.2084,7.2984,0.0016043,0.00082201,0.18377426949873604,0.478438382025242
4,../img/tt/013tt.jpg,105,0.5142857142857142,55,60,0.5021929929795937,0.3904761904761905,0.49019694031382954,0.9809523809523809,1.634842690508975,4.133333333333334,1.7708465308708816,3.9523809523809526,1.9334154333963611,13,2.45570875797256,7.754878219211791,0.30250945510151,0.57103,0.73293,8.3549,12.284,0.0012636,0.00058473,0.2128778253374,0.516666778568155
5,../img/tt/019tt.jpg,103,0.9223300970873787,77,98,0.2689602488432698,0.6990291262135923,0.46092301803567093,1.9029126213592233,1.734960942696485,3.9029126213592233,1.6058383865329253,3.29126213592233,1.98341687727075,19,1.63875653404743,7.472871460958201,0.418535691526722,0.46853,0.55275,5.8285,6.7673,0.0018545000000000002,0.00064796,0.151705433634557,0.40048120193464504
6,../img/tt/020tt.jpg,96,0.5625,58,60,0.4986824746532764,0.23958333333333334,0.429069781262888,1.3229166666666667,1.6189326676721736,3.7604166666666665,1.6654052243833957,3.3854166666666665,2.001945325856653,20,1.6203012090278,7.59570533220924,0.21356291175981898,0.48923999999999995,0.73018,4.6924,7.632999999999999,0.0013414000000000002,0.00030701,0.148538685410803,0.4733056900493039
7,../img/tt/031tt.jpg,73,0.7945205479452054,56,64,0.4068477776211284,0.7534246575342466,0.4340001893819421,2.1780821917808217,1.9532200319346218,3.73972602739726,1.7482324189200833,2.9178082191780823,2.1065600227327854,31,1.86364065807944,6.76634649737769,0.28570247520327197,0.39082,0.48036999999999996,3.2565,3.596,0.0014307,0.00060596,0.10614840418909,0.29405947884329403
8,../img/tt/032tt.jpg,99,0.7575757575757576,79,76,0.430730492253948,0.41414141414141414,0.49507989481189735,1.5858585858585859,1.39978206036964,4.111111111111111,1.6028602552101747,3.8686868686868685,2.0134570972784376,32,2.13352080434487,7.2238874744468,0.315820935831408,0.47024,0.59504,6.6745,4.3044,0.0010716,0.00059393,0.18576156717941197,0.3364103922894461
9,../img/tt/036tt.jpg,91,1.0,65,90,0.0,0.967032967032967,0.17953950048508052,1.2527472527472527,1.4266776214019183,4.34065934065934,1.67477879282131,3.4835164835164836,2.0185948763249337,36,1.6519467591334298,4.1208922836834,0.5550189782343149,0.44142,0.44308000000000003,7.9381,8.1599,0.0013463,0.00063837,0.197046146572248,0.422524767620802
10,../img/tt/040tt.jpg,102,0.5882352941176471,76,72,0.4945833565373728,0.49019607843137253,0.5023725500008633,1.6372549019607843,1.6697021474246074,4.1568627450980395,1.5653747094464532,3.7549019607843137,2.0510141153059465,40,2.01168307246451,7.15244619662258,0.131015817142248,0.38341,0.40178,5.2716,4.694,0.0012915,0.00055101,0.156213392456084,0.361983950253811
11,../img/tt/044tt.jpg,94,0.8085106382978723,75,73,0.3955830254107684,0.5425531914893617,0.5008571924688408,1.8617021276595744,1.5970474358855289,4.031914893617022,1.6027672820534355,4.148936170212766,1.8720206253373388,44,1.5299891185737198,7.04396876964679,0.125271328485971,0.46451000000000003,0.61674,6.1411,8.2073,0.0019725000000000003,0.0011994000000000002,0.182218987950757,0.42437519680715896
12,../img/tt/046tt.jpg,57,0.631578947368421,42,45,0.48666426339228763,0.6491228070175439,0.481486836720213,2.1228070175438596,2.1050125164082965,3.8947368421052633,1.7696267819425715,3.0350877192982457,1.9361680885625399,46,1.4510332927860201,7.315815156546509,0.302049472734409,0.43446,0.59022,3.2,5.3946,0.0015272999999999999,0.00044747,0.110162369331949,0.45304480147523607
13,../img/tt/049tt.jpg,91,0.4945054945054945,67,54,0.5027397465361703,0.16483516483516483,0.3730873077365929,1.2527472527472527,1.2788311207540404,3.879120879120879,1.6985952682219168,3.010989010989011,1.8885297367382299,49,2.43022404083016,7.53064492295766,0.0745239697715032,0.58962,0.78186,13.952,20.537,0.0012843,0.00023626,0.301628075312453,0.702907274183936
14,../img/tt/052tt.jpg,103,0.970873786407767,87,96,0.16898257710466583,0.8932038834951457,0.31036415547607693,1.9223300970873787,1.4463566152906717,3.7864077669902914,1.5507777013984847,3.70873786407767,1.7468799523338692,52,1.64300471629378,6.61603203222823,0.573015912228438,0.48839,0.47647,6.8392,8.5709,0.0014121,0.00058574,0.190728679263754,0.443611505414956
15,../img/tt/053tt.jpg,100,0.9,74,91,0.30151134457776363,0.71,0.4560480215720687,1.63,1.7035613320691483,3.94,1.6746475582773959,3.49,1.850443572266232,53,1.64133398580112,7.72880414329151,0.261149172448942,0.4632,0.5876600000000001,4.9631,8.6269,0.0016098,0.00057962,0.149390703052137,0.5554529614914789
16,../img/tt/055tt.jpg,112,0.7946428571428571,74,93,0.4057779283742859,0.6964285714285714,0.4618662829439526,1.5089285714285714,1.8158240167254256,3.7142857142857144,1.7264689341818407,2.955357142857143,1.895411210023739,55,2.06060745719261,7.65592536411604,0.19570879000702698,0.54271,0.72165,9.1708,11.300999999999998,0.0014298,0.00052005,0.21474848714285102,0.50866618064147
17,../img/tt/056tt.jpg,110,0.5909090909090909,72,84,0.49391628279700395,0.33636363636363636,0.4746272845254614,1.5,1.5548090534405026,3.9363636363636365,1.7571728373489417,3.1818181818181817,1.8182652191046926,56,1.978329966052,7.197752531200269,0.178991682124288,0.48736,0.53871,8.7851,9.5574,0.0014414999999999999,0.00042025,0.20943230376269698,0.567975295131775
18,../img/tt/060tt.jpg,108,0.8240740740740741,82,85,0.3825322343928705,0.6574074074074074,0.47678904673325323,1.3240740740740742,1.3243139906621924,3.7222222222222223,1.7605932163677809,3.3703703703703702,1.84235014781427,60,2.64237585271991,7.81877360383717,0.23324406024856698,0.58748,0.74417,8.2158,8.0282,0.0010086000000000001,0.00059063,0.212315628313163,0.43790224135368294
19,../img/tt/063tt.jpg,105,0.9904761904761905,93,103,0.09759000729485331,0.8571428571428571,0.35160542320387156,2.5714285714285716,1.859782570299875,3.5428571428571427,1.7210717335683345,3.1714285714285713,2.096045465491289,63,2.3179532753331,6.9037672542931,0.39931452540205703,0.5383899999999999,0.64632,12.904000000000002,18.878,0.0015603,0.0012064999999999999,0.30190326454910804,0.5246785762433289
20,../img/tt/064tt.jpg,112,0.7678571428571429,86,92,0.42409719388181505,0.6517857142857143,0.4785454957533206,1.9375,1.861323998401951,3.982142857142857,1.593806384169291,3.232142857142857,1.9543536193580908,64,1.6143879748859298,6.9971404854712596,0.0427324378292919,0.37535,0.47213999999999995,8.5544,15.502,0.0016475,0.00052011,0.227101368804841,0.5537845142495661
21,../img/tt/076tt.jpg,105,0.9714285714285714,99,102,0.16739766432653122,0.9142857142857143,0.28128433856309726,3.2095238095238097,1.7633841922632207,3.1619047619047618,1.732737992998639,1.8,1.7672229409661144,76,2.1286620129013203,7.55743541677675,0.32639953721683695,0.44795,0.59673,10.173,10.591,0.0015321,0.00066908,0.23359129784621105,0.442723830784503
22,../img/tt/078tt.jpg,113,0.9646017699115044,94,109,0.18560728221469422,0.9203539823008849,0.27195039333468984,2.3628318584070795,1.8995391682808553,3.814159292035398,1.5557994761902252,2.150442477876106,1.8813997398311355,78,2.02330756795708,7.47432126635869,0.205724907540042,0.6264,0.6703899999999999,8.2956,9.122,0.0012111,0.00030511,0.202104753546924,0.467580468124457
23,../img/tt/079tt.jpg,91,0.8351648351648352,78,81,0.37308730773659293,0.8901098901098901,0.3144854510165755,3.5604395604395602,1.9788256405633406,3.208791208791209,1.8768560207401426,1.8131868131868132,1.9201393925794263,79,2.2172466507732405,6.72558907950024,0.189657348814057,0.35596,0.53583,6.2459,10.363,0.0012350999999999998,0.00076083,0.17900520902624498,0.46123719673907704
24,../img/tt/080tt.jpg,108,0.9444444444444444,87,99,0.23012931485934685,0.8518518518518519,0.3569029506249044,1.4444444444444444,1.3208134942543408,3.8796296296296298,1.6560147669247274,3.9814814814814814,1.6575033667745032,80,1.43147088024769,7.544052878954529,0.12304640014602801,0.47236999999999996,0.5312100000000001,6.0323,8.6356,0.0013657,0.00046387,0.172444666903099,0.552947443361308
25,../img/tt/081tt.jpg,95,0.9368421052631579,88,91,0.24453717969020558,0.8421052631578947,0.36657673063096846,2.3789473684210525,1.7815779962648048,3.663157894736842,1.7601409899753104,2.8105263157894735,1.9640098845035816,81,1.4743577682541902,6.9397597309752905,0.17431487125279502,0.5099100000000001,0.6058399999999999,6.7374,8.9333,0.0013522,0.0005797999999999999,0.19692435774246697,0.373688981480245
26,../img/tt/082tt.jpg,97,0.711340206185567,73,81,0.45549338832097636,0.6391752577319587,0.48273455029457946,2.134020618556701,2.008465759704103,3.7422680412371134,1.6474623826981603,3.1030927835051547,2.1089320761272075,82,1.9486058622576001,7.6438796553477895,0.238706968988293,0.5582600000000001,0.53869,8.8521,7.7173,0.0014426999999999999,0.00068976,0.205368880094179,0.4232524757495129
27,../img/tt/084tt.jpg,98,0.8061224489795918,88,86,0.39736667388127356,0.7448979591836735,0.4381597997293737,3.1020408163265305,1.9609055131001452,3.357142857142857,1.663743140365544,2.7551020408163267,1.7822794653401335,84,2.31030319144556,7.73883127485708,0.149364229445398,0.63717,0.67077,12.484000000000002,18.434,0.0010102,0.00033475,0.278216565503493,0.635728102864648
28,../img/tt/085tt.jpg,115,0.9217391304347826,89,94,0.26975707352826817,0.591304347826087,0.49374423690019786,1.4260869565217391,1.4988935660002,4.017391304347826,1.4508473549247503,3.3304347826086955,1.9181576464603465,85,1.4947734913318202,6.9177685532354705,0.11889743246512299,0.54089,0.59647,5.0972,4.409,0.0013631,0.00053453,0.16065851076760299,0.36139234952089794
29,../img/tt/091tt.jpg,110,0.5727272727272728,75,61,0.4969464724666842,0.2909090909090909,0.45626031812798334,1.0363636363636364,1.340459134865191,3.7454545454545456,1.7580032649475665,3.2363636363636363,1.896047422892743,91,1.80532116277668,7.73846468061224,0.148505986147589,0.5281600000000001,0.83204,6.4364,15.7,0.0014034000000000002,0.00026733,0.18647606162557998,0.610920119036729
30,../img/tt/094tt.jpg,108,0.6666666666666666,79,79,0.473602222778315,0.42592592592592593,0.4967878823695562,1.7222222222222223,1.749944369387255,3.9166666666666665,1.7936804954133185,2.9537037037037037,2.011110537397439,94,2.15909889044789,6.84734704629128,0.206136792589294,0.59526,0.61783,10.185,6.0966,0.0011814,0.00037230000000000005,0.23403567078561302,0.580313406825455
31,../img/tt/096tt.jpg,113,0.9911504424778761,100,105,0.09407208683835971,0.9203539823008849,0.27195039333468984,3.230088495575221,2.057255668349404,3.2920353982300883,1.859730279643124,2.5132743362831858,1.9277811275799306,96,2.0615932098752703,7.57450600325676,0.36527636383728707,0.56129,0.5164300000000001,8.7889,7.4118,0.001513,0.0010647999999999999,0.20848902181705803,0.391205644620106
32,../img/tt/098tt.jpg,103,0.32038834951456313,48,45,0.4689076215098176,0.2524271844660194,0.436529239007723,0.6504854368932039,1.0910396001518743,3.8058252427184467,1.8420909497632563,2.6893203883495147,2.0437812237278705,98,1.82926919466718,7.71270401386014,0.340827047447278,0.56296,0.67047,6.949,6.5176,0.0013519,0.00047271,0.19988103176153102,0.42266908919513596
33,../img/tt/1002tt.jpg,90,0.7111111111111111,74,74,0.4557853931339367,0.6222222222222222,0.48754781448667844,2.1,1.878620100804329,3.566666666666667,1.709523884042677,3.088888888888889,2.0589320044021755,1002,1.65892042394131,7.228492209845999,0.225239188392581,0.55993,0.67424,6.8463,10.989,0.0012050000000000001,0.00035311,0.196216333570637,0.519246633687849
34,../img/tt/1004tt.jpg,107,0.4953271028037383,76,74,0.5023310149673529,0.24299065420560748,0.4309078064362275,1.5700934579439252,1.6142768083029382,4.02803738317757,1.5986901709650485,3.4485981308411215,1.7763309910621374,1004,1.8032278207205201,7.61802246562586,0.12611609831444098,0.5886100000000001,0.8236399999999999,8.7264,22.081999999999997,0.0011707,0.00018844,0.209626657393553,0.688180195069597
35,../img/tt/1006tt.jpg,90,0.7222222222222222,74,73,0.4504124895432844,0.5555555555555556,0.49968779266390756,1.8222222222222222,1.6460902113099047,3.811111111111111,1.7019119746738012,3.2333333333333334,2.022624838163285,1006,2.2800472794873796,7.81631875249204,0.161253193535162,0.5869300000000001,0.66793,12.38,20.143,0.00099181,0.00039155,0.274327339155097,0.6778845244622069
36,../img/tt/1012tt.jpg,107,0.7009345794392523,68,77,0.4600031433655529,0.6261682242990654,0.4860965911852411,1.2242990654205608,1.4361138022845985,3.9906542056074765,1.7073389153155896,3.7570093457943927,1.8266430778545915,1012,1.7357808294786499,7.53067774083369,0.28024421984962605,0.43083999999999995,0.56243,5.6826,10.642999999999999,0.0012910999999999999,0.00039724,0.174103006428771,0.5226488442406091
37,../img/tt/1024tt.jpg,109,0.7889908256880734,78,99,0.40990953146898973,0.8073394495412844,0.3962103869715414,1.9541284403669725,1.9118796311721782,3.871559633027523,1.6560826012186476,3.1192660550458715,2.0580680019818383,1024,1.7836790174953898,7.26351179296055,0.14910578606112,0.5486800000000001,0.59323,6.6819,6.4815,0.0013167,0.00043066,0.193299519735375,0.564161762183513
38,../img/tt/1027tt.jpg,103,0.883495145631068,96,99,0.3223982093132046,0.883495145631068,0.3223982093132046,2.9320388349514563,1.9416090755861821,3.5825242718446604,1.7007741711549618,2.6116504854368934,1.931336069641123,1027,1.96193988545757,7.77186489534417,0.242201350263309,0.62125,0.6684899999999999,8.0162,8.037,0.0011611,0.00050444,0.194516921869447,0.45863243680885396
39,../img/tt/1033tt.jpg,120,0.85,101,100,0.3585685828003181,0.5666666666666667,0.4976133515281193,2.0,1.7198788309870296,4.0,1.6295588927295472,3.8583333333333334,1.7930577298037458,1033,1.5611693066856998,7.23232539013726,0.4171572130971599,0.37897,0.40231,4.8658,5.3217,0.0021094,0.0013887,0.14784285664767802,0.262127195486419
40,../img/tt/1037tt.jpg,54,0.4444444444444444,40,34,0.5015698625755192,0.3333333333333333,0.47583095143088644,1.4074074074074074,1.5843398544137293,4.111111111111111,1.5741624507602914,3.3518518518518516,2.1382183326347604,1037,2.08970574999281,7.710436628886041,0.20011976420294897,0.59883,0.6126199999999999,10.048,9.0785,0.0011378,0.00046791,0.233761481180555,0.490515456824737
41,../img/tt/1040tt.jpg,109,0.5688073394495413,66,72,0.4975304285699932,0.27522935779816515,0.4486927438564152,1.348623853211009,1.6237596222677908,4.08256880733945,1.6673800715769882,4.229357798165138,1.6867293989373493,1040,1.4921144578168402,7.487328131546559,0.4861156496268921,0.49305,0.57003,4.8586,7.8638,0.001533,0.00036471,0.14981747835607997,0.40961720854902295
42,../img/tt/1043tt.jpg,99,0.7777777777777778,60,68,0.41785544701867255,0.43434343434343436,0.4981929828853958,1.0101010101010102,1.3131590628658527,4.161616161616162,1.7362113968149198,3.1616161616161618,2.0086906625200704,1043,2.0437155059690704,7.69642408003883,0.2371598441843,0.6816399999999999,0.63674,8.6252,6.314,0.0012200999999999998,0.00057715,0.207036218978766,0.466962379379297
43,../img/tt/1044tt.jpg,108,0.6851851851851852,69,73,0.46660732451654535,0.5185185185185185,0.5019863624293737,1.2314814814814814,1.5802902932274223,4.12962962962963,1.6971256216210033,3.638888888888889,1.954904368592663,1044,1.58881382731449,7.36431505301751,0.072153491434214,0.46262,0.71338,6.805,11.171,0.0013386,0.00044686,0.19724569930483601,0.554020291196205
44,../img/tt/1046tt.jpg,115,0.808695652173913,77,93,0.39504945668427977,0.6608695652173913,0.4754860213736457,1.1130434782608696,1.2825770206434126,3.869565217391304,1.8040973790695234,3.0608695652173914,1.8509691938337975,1046,1.99849731319554,7.5078731215545496,0.231789575292922,0.60042,0.7074699999999999,8.7569,10.064,0.0011940999999999998,0.00038268,0.210399329450042,0.503733411969373
45,../img/tt/1048tt.jpg,99,0.5555555555555556,66,58,0.4994327848429294,0.24242424242424243,0.4307304922539481,1.1818181818181819,1.3428847745153831,3.9292929292929295,1.7038523293571008,3.474747474747475,2.037121991194652,1048,1.75774154773453,7.60830863506942,0.114966953892776,0.43959,0.6602399999999999,9.6022,28.721,0.0012255,0.0003322,0.22985583302806895,0.6541279267477429
46,../img/tt/1049tt.jpg,74,0.47297297297297297,51,39,0.5026770245797548,0.21621621621621623,0.41447343290342153,1.1486486486486487,1.331210515472665,3.891891891891892,1.6681346120870901,3.27027027027027,1.911015632555411,1049,1.76664604408649,7.504752029019881,0.41283010415871896,0.49151999999999996,0.57724,7.4858,6.3438,0.0012572000000000002,0.00047631,0.21022712674335603,0.4574212454573479
47,../img/tt/1053tt.jpg,97,0.7731958762886598,83,86,0.420940282759306,0.7319587628865979,0.44524019541717064,2.5670103092783507,1.9359925129786217,3.6597938144329896,1.8250947346310569,2.865979381443299,1.9665370683608059,1053,1.97721855321628,7.76713395974358,0.132692366630081,0.58514,0.75968,9.4097,17.439,0.0011367,0.00033963,0.22334514797407798,0.640635681310656
48,../img/tt/1055tt.jpg,93,0.946236559139785,76,77,0.22677279367959727,0.5806451612903226,0.49612806562772305,1.3548387096774193,1.1945998173876742,4.010752688172043,1.6184709884165234,3.4193548387096775,1.6831813863165894,1055,1.09009246979693,7.36786076340177,0.0780830673184299,0.20253,0.68833,4.6434,12.437999999999999,0.0019885000000000002,0.00089268,0.141346022211948,0.5775278715591939
49,../img/tt/105tt.jpg,106,1.0,76,106,0.0,0.9433962264150944,0.23218173010628607,1.7924528301886793,1.925849131865266,4.0,1.882247896228641,3.0754716981132075,2.1322829849161216,105,3.0646215030090396,7.79267107658341,0.274006172763658,0.76299,0.71843,21.575,33.134,0.00092407,0.00058068,0.408348824487726,0.655883410116192
50,../img/tt/1061tt.jpg,100,0.91,86,89,0.2876234912646613,0.43,0.49756985195624304,1.9,1.4177803109441924,3.83,1.5377735446896839,3.3,1.7085642859406605,1061,2.2508348034482797,7.55731166983436,0.13495806143966999,0.64379,0.7904399999999999,11.812999999999999,18.635,0.0010613,0.00036557,0.264549783754865,0.6798847360666179
51,../img/tt/1063tt.jpg,95,0.6947368421052632,85,84,0.46296188461572396,0.6736842105263158,0.4713517289748864,2.4,1.6005318265062944,4.094736842105263,1.5303572396911211,3.3789473684210525,1.8746854906063068,1063,1.83744119852493,7.80226991059222,0.23446764018489302,0.5361100000000001,0.7056,7.7595,15.440999999999999,0.0012481,0.000404,0.19085550457951103,0.51798134649455
52,../img/tt/1066tt.jpg,95,0.9789473684210527,88,92,0.1443214031708876,0.9368421052631579,0.24453717969020555,3.3789473684210525,1.8916330183002865,3.2526315789473683,1.7195275269717076,2.4947368421052634,2.1030559538216798,1066,2.11559857454909,7.43790980692608,0.239881909920131,0.5725399999999999,0.63448,10.638,12.783,0.0013145,0.00050896,0.242322387815573,0.491942116622016
53,../img/tt/1069tt.jpg,105,0.7142857142857143,82,82,0.4539206495016018,0.4380952380952381,0.4985326454052919,2.085714285714286,1.9666169981931962,3.8476190476190477,1.7855237993639954,3.142857142857143,1.9286731759891875,1069,2.2092165408316804,7.77309127274554,0.14350955015610597,0.7034100000000001,0.75175,10.972999999999999,26.949,0.0010586999999999999,0.00021877,0.251392140241715,0.668612360256419
54,../img/tt/1070tt.jpg,103,0.9611650485436893,93,98,0.19414620007023906,0.883495145631068,0.32239820931320473,2.4174757281553396,1.7122641348642318,3.9514563106796117,1.5988883440684718,3.0,1.8311038136792208,1070,2.18069345339863,7.4906189311821,0.278689542140448,0.55575,0.67298,10.482999999999999,7.3927,0.0013130000000000001,0.00044027,0.24207496448284102,0.532665018823744
55,../img/tt/1072tt.jpg,64,0.78125,46,52,0.4166666666666667,0.53125,0.5029673851018479,1.390625,1.559580606017742,4.1875,1.5520084274030725,3.8125,1.6702342768852938,1072,1.69328909764363,7.42898462364053,0.312469926590112,0.5748800000000001,0.4779,7.558,12.747,0.0013901,0.00037743,0.208988833433462,0.519930912972647
56,../img/tt/1078tt.jpg,96,0.8958333333333334,88,87,0.3070801941090228,0.7083333333333334,0.45691567036441355,2.8645833333333335,1.7688520908482555,3.4791666666666665,1.6981672266960524,3.2916666666666665,1.7765529406345295,1078,1.89106022305176,7.69073389718248,0.26063550288211895,0.54983,0.66073,8.1755,7.263999999999999,0.0015193,0.00090887,0.19853329208042603,0.37560434767287
57,../img/tt/1080tt.jpg,88,0.5681818181818182,49,51,0.4981680126834962,0.3522727272727273,0.4804158334617546,1.0568181818181819,1.4571106234123148,3.9318181818181817,1.8741769353380109,3.375,2.1935773542766626,1080,1.54128014912341,7.52099350645023,0.205506894999875,0.48857,0.59448,4.7428,5.742999999999999,0.0016504999999999998,0.00068159,0.148438955089012,0.436845899551765
58,../img/tt/1084tt.jpg,112,0.9196428571428571,95,103,0.27306709260845957,0.8839285714285714,0.32175016087512065,1.9196428571428572,1.6772907845106573,3.9017857142857144,1.5124696195508687,3.1875,1.773332232608207,1084,1.69126292727523,7.5499785793488,0.292190079011154,0.35391999999999996,0.39232,6.1396,6.4125,0.0017607,0.0009237000000000001,0.174198600562146,0.339786885275694
59,../img/tt/1086tt.jpg,59,0.847457627118644,44,54,0.36263210777229277,0.8305084745762712,0.3784060204413424,2.0,1.7907809893239706,4.016949152542373,1.5919141094458324,3.3728813559322033,1.7994089554987673,1086,1.3218108956758898,6.97173248047628,0.555953920227085,0.41438,0.6468,4.4883,7.737,0.0014857999999999998,0.00049824,0.147949245909754,0.436807964110411
60,../img/tt/1087tt.jpg,87,0.9310344827586207,72,81,0.25486446230486953,0.6781609195402298,0.4698899641990224,2.2528735632183907,1.7863721246002422,4.091954022988506,1.5449255563313464,3.310344827586207,1.7408254178766063,1087,1.27247150189515,7.50873958101478,0.0849801389802301,0.4463,0.86719,4.0702,21.858,0.0013708,0.00013397,0.13397294604635301,0.752516270205721
61,../img/tt/1089tt.jpg,95,0.7789473684210526,80,81,0.41715723267721977,0.6631578947368421,0.4751377474578824,2.642105263157895,1.994224583874507,3.6842105263157894,1.6455171721127089,3.294736842105263,1.977929737637936,1089,2.05916839642285,7.755407328878701,0.10800088671364501,0.64472,0.7019,9.4724,20.314,0.0012155999999999998,0.00028743,0.22145722070083998,0.575199663899344
62,../img/tt/108tt.jpg,94,0.5425531914893617,56,57,0.5008571924688409,0.3829787234042553,0.4887197006250084,0.925531914893617,1.1191333215679022,4.212765957446808,1.5579994093993932,3.5531914893617023,1.9267054798147785,108,2.57148254963644,7.582323564764941,0.0995181382447194,0.59875,0.7545,7.7956,16.963,0.00076307,0.0001844,0.198654123840386,0.5708555212286329
63,../img/tt/1091tt.jpg,85,0.9764705882352941,79,85,0.15247721049352903,0.9529411764705882,0.21302148074901792,3.611764705882353,1.9946005546346914,3.2588235294117647,1.8202102257998785,2.5176470588235293,2.1636156065709082,1091,1.77612669914637,7.35473261833483,0.389230419585498,0.38466999999999996,0.44731000000000004,8.4447,14.805,0.0012497,0.00052133,0.221396734396601,0.552496152250832
64,../img/tt/1096tt.jpg,99,0.898989898989899,82,83,0.30287565627206586,0.6767676767676768,0.47009080382677837,1.9090909090909092,1.5524234450934113,4.141414141414141,1.3093860612321333,3.404040404040404,1.856698803610981,1096,2.06305424954206,7.75023298964164,0.21741035802554898,0.59418,0.6542600000000001,9.6968,18.559,0.0011738,0.00054264,0.22970317087778602,0.524551032173961
65,../img/tt/1097tt.jpg,111,0.9009009009009009,108,107,0.3001501125938321,0.6936936936936937,0.4630490410468575,3.1171171171171173,1.777325563560643,3.7927927927927927,1.7062298529859077,3.4594594594594597,1.9343017710593506,1097,1.9891736896706798,7.175916989805759,0.21005178998800603,0.402,0.60863,9.309,12.964,0.0013660999999999999,0.00051388,0.22099196216411102,0.622992595235992
66,../img/tt/1101tt.jpg,99,0.9595959595959596,98,97,0.19790700347467466,0.7676767676767676,0.4244632343465032,2.9393939393939394,1.5831909254709324,3.757575757575758,1.5124713462687016,3.3737373737373737,1.7058474378865338,1101,1.5427804308275,7.468334306883531,0.154873889645166,0.43057,0.63753,5.0438,6.9784,0.0014941,0.00037607,0.15424355582205898,0.43617416672126896
67,../img/tt/1102tt.jpg,109,0.44954128440366975,74,64,0.4997450930244725,0.21100917431192662,0.4099095314689898,0.9908256880733946,1.3777021451734386,3.7889908256880735,1.6836545045393945,3.761467889908257,1.7893671681310468,1102,1.8181784485877601,7.71746205995569,0.15849686020479198,0.4828,0.69513,7.5477,18.137999999999998,0.0013197,0.00034498,0.205217324422651,0.606627620985897
68,../img/tt/1107tt.jpg,101,0.6138613861386139,72,69,0.48929126355787245,0.5247524752475248,0.5018776625023391,1.881188118811881,1.9093827731121453,3.9207920792079207,1.6290068650366805,3.4257425742574257,1.9408582362113176,1107,1.7797664401575402,7.402129053931639,0.24269391407254898,0.52251,0.5535,6.4755,5.8374,0.001559,0.00060803,0.18693895173076602,0.42992785351742796
69,../img/tt/1116tt.jpg,100,0.92,90,89,0.2726599243442907,0.69,0.4648231987117316,1.81,1.4262687068860567,3.92,1.3756908273755597,3.17,1.7468875641025563,1116,2.03996477578888,7.27363063514534,0.12483261021645001,0.6368,0.6962,9.9311,14.432,0.0013149000000000001,0.00035757,0.23190788499373202,0.5179618709530011
70,../img/tt/1118tt.jpg,105,0.580952380952381,73,63,0.4957696499257955,0.4,0.49224759248542027,1.1142857142857143,1.3105656860998678,4.0476190476190474,1.552794951425384,3.447619047619048,2.066123052691797,1118,1.92212658487757,7.83749911054998,0.14736667543522503,0.42221000000000003,0.77649,7.8058,15.783,0.0012265000000000002,0.00035075,0.215279623322784,0.6083731991395649
71,../img/tt/111tt.jpg,110,1.0,88,107,0.0,0.9181818181818182,0.2753419286052163,2.290909090909091,2.138959082115053,3.536363636363636,1.9284317568603224,3.4727272727272727,2.2204598701686082,111,2.3282915612429504,7.488274373560929,0.255975201398986,0.4786,0.5101600000000001,9.9508,9.3992,0.0010849,0.00067138,0.252289741543964,0.408119285764725
72,../img/tt/1122tt.jpg,114,0.9298245614035088,109,107,0.25657023898533465,0.7192982456140351,0.451325911514035,2.9210526315789473,1.8248274828975333,3.56140350877193,1.7142561415744244,2.9210526315789473,1.9239742093560794,1122,1.9577527279547802,7.444685506552269,0.29259844883067,0.54445,0.631,8.9842,11.843,0.0012652000000000002,0.00074079,0.21510331160514198,0.511269702811326
73,../img/tt/1123tt.jpg,110,0.9363636363636364,103,102,0.24522121551186035,0.24545454545454545,0.4323259820964535,2.690909090909091,1.5606717828159977,3.5636363636363635,1.6000417008744223,3.209090909090909,1.539065929911336,1123,1.43256305264996,7.30194281995036,0.29221249503836,0.34362,0.67525,4.062,7.5701,0.0019687999999999997,0.00060903,0.127916397718262,0.472973849216553
74,../img/tt/1125tt.jpg,93,0.44086021505376344,63,63,0.49918119023312757,0.2903225806451613,0.45637144390360274,1.4086021505376345,1.505327922817057,3.967741935483871,1.6248853665468075,3.4838709677419355,1.8974405141950657,1125,2.22788646322154,7.843488568742019,0.296623418023476,0.5847399999999999,0.58185,11.569,9.201,0.0012262,0.00093193,0.262817828212466,0.433765410871159
75,../img/tt/1126tt.jpg,97,0.9278350515463918,69,86,0.26010505411325197,0.8144329896907216,0.3907763881902414,2.0618556701030926,2.040294264875835,4.020618556701031,1.7439143079297394,3.381443298969072,1.9761246743367022,1126,2.0653201405113997,7.08036861752653,0.0894268630402361,0.45009,0.5182100000000001,9.9385,15.251,0.0012964,0.00035085,0.23367228575478502,0.580663786613811
76,../img/tt/1127tt.jpg,99,0.9292929292929293,90,88,0.25763941153881403,0.5858585858585859,0.4950798948118973,2.323232323232323,1.5767978584116247,3.7474747474747474,1.4938201565349454,3.727272727272727,1.6709900634677013,1127,1.34901831750782,7.277819718884151,0.11192697198790401,0.52515,0.63261,5.8446,6.7907,0.0013349,0.00064256,0.170701174972075,0.44021259681066205
77,../img/tt/1128tt.jpg,108,0.8240740740740741,82,90,0.3825322343928704,0.3148148148148148,0.4666073245165454,1.8518518518518519,1.6452413101126568,4.046296296296297,1.5000576889795034,3.675925925925926,1.8786986135202899,1128,1.12647864231895,6.73647109454611,0.723842577082442,0.27707,0.33468000000000003,3.3026,3.1446,0.0019699,0.0013409000000000001,0.10903629460993901,0.19526555244119398
78,../img/tt/112tt.jpg,107,0.9626168224299065,84,97,0.19059161343186776,0.8598130841121495,0.34881465400131756,1.9626168224299065,1.8979891725085312,3.803738317757009,1.8141958681072778,3.691588785046729,2.039289623601719,112,1.1148734638759599,6.099737293508589,0.7641426563111361,0.20659,0.36851999999999996,3.5447,3.7246,0.0019084,0.00060637,0.11454278972688198,0.266195703786272
79,../img/tt/1130tt.jpg,101,0.8316831683168316,91,96,0.37601348195757744,0.8217821782178217,0.38460472186286004,3.118811881188119,1.9353920983246335,3.0792079207920793,1.8691343895869648,2.8316831683168315,2.0350395914118877,1130,1.75741315349073,7.20486099503273,0.319699285555673,0.42716000000000004,0.66671,7.5649,8.9979,0.0013392999999999999,0.00058099,0.21073258111048002,0.472236801458555
80,../img/tt/1142tt.jpg,97,0.9175257731958762,90,93,0.27651488404723595,0.6391752577319587,0.4827345502945794,3.0721649484536084,1.7214784263848883,3.5463917525773194,1.5547013282078561,3.381443298969072,1.7286995290841232,1142,1.57051962108895,7.465639139675961,0.23937940642673,0.4561,0.7018399999999999,6.023,9.658999999999999,0.0014432,0.00064391,0.176053583230142,0.48396814960103796
81,../img/tt/1143tt.jpg,108,0.8981481481481481,83,98,0.30386343510333774,0.7777777777777778,0.4176779006129438,2.2222222222222223,1.944718865073935,3.6018518518518516,1.8185945832485149,2.6944444444444446,1.954904368592663,1143,2.1504057360241697,7.2886729646443,0.212914630795198,0.5958100000000001,0.62635,10.925,11.735,0.0011768,0.00060822,0.24817003940798898,0.472616088426919
82,../img/tt/1146tt.jpg,105,0.8761904761904762,87,85,0.3309438162646485,0.5238095238095238,0.5018281596637456,1.8666666666666667,1.6470642102906958,4.085714285714285,1.4878629855387437,3.4285714285714284,1.925822216299108,1146,1.6667072092740902,7.384182251253639,0.364302499430078,0.39289,0.57589,5.9253,6.1579999999999995,0.0016010999999999998,0.00071474,0.17472704203554998,0.44026264381703495
83,../img/tt/1148tt.jpg,112,0.6785714285714286,88,91,0.46912388563919877,0.5089285714285714,0.5021671182702176,1.875,1.6446747261859882,4.107142857142857,1.629442743726718,4.116071428571429,1.5696762489072476,1148,2.4548867895730897,7.66291745686379,0.154247346218316,0.73187,0.81758,14.610999999999999,18.473,0.0010720999999999999,0.00045496,0.305113703637459,0.6502520373216341
84,../img/tt/1151tt.jpg,98,0.6632653061224489,58,59,0.4750231150321569,0.2653061224489796,0.4437659922058222,0.7346938775510204,1.010777188048709,4.469387755102041,1.4936572539996704,3.4489795918367347,1.8395564737723515,1151,1.4020547698326102,7.67829617623683,0.355818824867758,0.31692,0.6351,2.8788,8.9823,0.0016577999999999999,0.00055284,0.10722986322646198,0.540122655770834
85,../img/tt/1154tt.jpg,113,0.7433628318584071,80,89,0.4387230061282342,0.6637168141592921,0.4745414980541471,1.5044247787610618,1.5125893940838064,3.9734513274336285,1.6282120835836116,3.2831858407079646,1.910819880820948,1154,1.9687224297082702,7.78182128298741,0.202759672497029,0.5100600000000001,0.66605,8.7116,13.24,0.0011462999999999998,0.00039949,0.20863519148683998,0.5600229493739061
86,../img/tt/1156tt.jpg,106,0.8584905660377359,82,92,0.35020209798623747,0.33962264150943394,0.4758309514308865,2.141509433962264,1.9343446250556242,3.556603773584906,1.7998951751447732,3.518867924528302,1.8373434864368288,1156,1.09017925943807,6.1536466872544695,0.46192794973435103,0.3126,0.71112,4.836,4.968,0.0014375,0.0005168999999999999,0.142884781947844,0.564921361654886
87,../img/tt/1159tt.jpg,106,0.8490566037735849,85,94,0.3596943895981084,0.7169811320754716,0.4526055147935819,1.820754716981132,1.5662948078115877,3.8679245283018866,1.5800872290454828,3.169811320754717,1.8744990346030486,1159,1.96168858586459,7.8402119414315,0.28950679586170197,0.5958899999999999,0.6739,8.4469,8.8569,0.0012152999999999999,0.00051729,0.20210278391185,0.44870537509483793
88,../img/tt/1161tt.jpg,83,0.8072289156626506,65,70,0.396872877764288,0.7108433734939759,0.45612686729835106,1.855421686746988,1.5783020370042466,3.963855421686747,1.6852718036011076,3.5783132530120483,1.7883122028388156,1161,1.9079737802666201,7.510970254866019,0.322556949450178,0.55318,0.66825,8.4822,11.395,0.0011444,0.00068193,0.20572040888986604,0.530001894854016
89,../img/tt/1171tt.jpg,102,0.7647058823529411,69,59,0.42627724414510604,0.27450980392156865,0.4484707292036309,1.0196078431372548,1.1167526486889197,3.9901960784313726,1.6620105803193248,3.4411764705882355,1.9323895299039653,1171,2.17350384589605,7.3247362826171605,0.123253075294679,0.6625800000000001,0.755,11.118,6.9505,0.0010758,0.00051386,0.250267641647439,0.39388530969986296
90,../img/tt/1173tt.jpg,92,1.0,91,88,0.0,0.21739130434782608,0.41473113113479426,3.1847826086956523,1.5113442661032694,3.5434782608695654,1.7059240251963148,3.0652173913043477,1.6825173958644606,1173,2.07384727775649,7.402682152162269,0.38656683770520395,0.64418,0.70734,11.017000000000001,12.59,0.001155,0.00039113,0.24898918531705,0.450410468386259
91,../img/tt/1175tt.jpg,108,0.3888888888888889,59,53,0.4897707518912288,0.21296296296296297,0.41131032752816415,1.0555555555555556,1.338386064843391,4.185185185185185,1.7138694709681914,3.6203703703703702,2.012658968436041,1175,2.14429160604208,7.6174653069653795,0.12372613888557901,0.60095,0.7787,11.137,12.932,0.0011062000000000001,0.00043792,0.251192629060912,0.5541004458859791
92,../img/tt/1181tt.jpg,107,0.822429906542056,87,93,0.38394880044260055,0.6074766355140186,0.49061011969107443,1.8224299065420562,1.4328562589177611,3.869158878504673,1.6545198935924192,3.467289719626168,1.678486273398641,1181,1.41335054027253,7.02515642489234,0.0765680054300647,0.5455800000000001,0.5875199999999999,6.6163,8.0211,0.0012966,0.00060029,0.18906267350488504,0.46203127774541797
93,../img/tt/1186tt.jpg,122,0.819672131147541,103,110,0.38604571824109146,0.6065573770491803,0.4905280852976621,2.221311475409836,1.513095972779795,3.737704918032787,1.5363543769948231,3.1721311475409837,1.6549081667903565,1186,1.7175596349878501,7.62351112320071,0.258079434276139,0.57527,0.65274,5.8034,5.8971,0.0012777,0.00042993,0.17260346548323496,0.398525795532512
94,../img/tt/1188tt.jpg,92,0.7282608695652174,70,78,0.4472937149826407,0.2391304347826087,0.42888983235128614,1.9782608695652173,1.8396025661889324,3.7717391304347827,1.562635565069864,3.2934782608695654,1.8189360703701618,1188,2.0747910556673204,7.69869308527971,0.19047136807504603,0.6306,0.5858800000000001,10.13,8.2473,0.0013066,0.00068867,0.23506176235336,0.35606863234176894
95,../img/tt/1189tt.jpg,91,0.6813186813186813,51,58,0.4685467100898474,0.4835164835164835,0.5024968184009253,0.945054945054945,1.4326559435199548,3.78021978021978,2.009987273603701,3.4505494505494507,2.0345009558105733,1189,1.5907449582282702,7.29044863238129,0.37373145465854496,0.52461,0.6735,6.1275,7.4628,0.0018300999999999999,0.00064464,0.17560992375103698,0.46803450991948004
96,../img/tt/118tt.jpg,96,0.9270833333333334,73,82,0.26136450315368365,0.7604166666666666,0.42906978126288786,1.40625,1.4110699561157949,3.9895833333333335,1.5993076901332337,3.5833333333333335,1.85623652455384,118,2.2282214874829704,7.42597679410566,0.20314097247714497,0.42008,0.45218,8.4698,5.0303,0.001257,0.00099583,0.22078836266918697,0.326700164131349
97,../img/tt/1190tt.jpg,93,0.3763440860215054,64,43,0.4870938329080302,0.12903225806451613,0.3370526488229122,1.2150537634408602,1.4806686383669003,4.301075268817204,1.6001694627414984,3.4516129032258065,1.9809754351365152,1190,2.44555259640544,7.402110656400139,0.24824009017690196,0.6577,0.70172,14.02,11.119000000000002,0.0010114,0.00024695,0.30141762653999893,0.587475822865651
98,../img/tt/1191tt.jpg,89,0.9550561797752809,80,83,0.20835461246451936,0.5955056179775281,0.4935746494980983,2.0898876404494384,1.370471463652715,4.191011235955056,1.5066247986686094,3.853932584269663,1.8062427212672019,1191,1.61258928803092,7.319459845979611,0.23232401391395896,0.43021000000000004,0.67961,5.5111,7.141,0.0015023,0.00042521,0.162296207319647,0.4829411132518429
99,../img/tt/1196tt.jpg,95,0.7052631578947368,55,65,0.4583430892442981,0.3157894736842105,0.46729547567908836,1.0105263157894737,1.4028446543720055,4.273684210526316,1.703826140261207,3.768421052631579,1.72252061457539,1196,2.04224082380503,7.48860908708009,0.17684489687589,0.55003,0.62805,9.666,8.4548,0.0014152000000000001,0.00057742,0.224785521679283,0.492346758181964
100,../img/tt/1199tt.jpg,98,0.7857142857142857,82,85,0.4124355619772684,0.5918367346938775,0.49402063260634604,2.1122448979591835,1.710384613774211,3.9489795918367347,1.6269156764060995,3.673469387755102,1.9199200488297918,1199,1.9672350236313998,7.6678859987783,0.20581618455923104,0.58437,0.64354,9.525,7.8429,0.0015553,0.00086067,0.22355525633839998,0.3867838251162539
101,../img/tt/1200tt.jpg,106,0.7641509433962265,82,84,0.42654507476775005,0.6132075471698113,0.48932907842281026,1.7264150943396226,1.726725604075526,3.7169811320754715,1.7607072008882276,3.2358490566037736,1.797097590123495,1200,1.79915044539114,7.6476462379573205,0.19368865822507397,0.5202,0.71096,7.2101,11.993,0.0014002,0.0008214,0.19478599741855104,0.6127061017811151
102,../img/tt/1202tt.jpg,96,0.53125,48,53,0.5016420405449539,0.22916666666666666,0.4225029845217955,0.7916666666666666,1.178014982182151,3.9270833333333335,1.7606505476320937,3.2083333333333335,2.0617655523804004,1202,1.59451749104709,7.575984299451241,0.46862958158436896,0.5615600000000001,0.64341,5.8215,6.3041,0.0013866,0.00068539,0.170426408056856,0.39754768070286206
103,../img/tt/1205tt.jpg,102,0.5,59,62,0.5024691508189857,0.20588235294117646,0.4063416914132088,1.1372549019607843,1.5158516587098347,3.9705882352941178,1.6256354879437769,3.1862745098039214,1.8440720769233425,1205,1.9596937410283601,7.69295465774974,0.22493328810494,0.60018,0.58027,8.427999999999999,9.4487,0.0012974,0.00056908,0.20489127804535798,0.44531570325296405
104,../img/tt/1211tt.jpg,109,0.5688073394495413,74,70,0.4975304285699932,0.3577981651376147,0.48156642132186733,1.3669724770642202,1.5555191491298168,3.9174311926605503,1.6506364674078082,3.871559633027523,1.8614058676928429,1211,1.8861491137903899,7.55406850965013,0.310000554484895,0.49525,0.6844,7.4587,8.3932,0.0013639000000000001,0.00051611,0.21045351845357999,0.551174128890082
105,../img/tt/1217tt.jpg,114,0.7017543859649122,88,86,0.45950771198095647,0.2719298245614035,0.4469184107063476,1.8157894736842106,1.7827382213622716,3.710526315789474,1.8130484972232963,3.026315789473684,1.9663565261391633,1217,2.3202370135883,7.7226029579457105,0.32539635494168395,0.6544300000000001,0.76793,12.117,14.388,0.0010111,0.00038091,0.267691939704725,0.430146669115855
106,../img/tt/121tt.jpg,105,0.7619047619047619,89,83,0.42796049251091295,0.6095238095238096,0.49019694031382954,2.257142857142857,1.980814573256763,3.676190476190476,1.6784564686687942,2.895238095238095,2.107330655317881,121,3.3747471238199402,7.44885985285836,0.21701025514877498,0.71141,0.81119,19.335,11.366,0.00073144,0.00026928,0.386911291106933,0.612337157747471
107,../img/tt/1224tt.jpg,101,0.9207920792079208,89,89,0.2714099599068422,0.5445544554455446,0.5004948046732859,2.1683168316831685,1.4701653439711675,4.0,1.568438714135812,3.712871287128713,1.745489236078907,1224,2.02317579220492,7.7512109959854,0.284312498810986,0.58243,0.5885600000000001,8.8908,8.0221,0.0014287,0.00087136,0.211125118922013,0.389833258372272
108,../img/tt/1226tt.jpg,112,0.8660714285714286,97,104,0.3421062401311609,0.7410714285714286,0.4400150635072125,2.3214285714285716,1.7919453705591055,3.482142857142857,1.7806879066387291,3.125,1.8114998016923802,1226,1.8894951889273401,7.614761587959781,0.106754561916956,0.6197199999999999,0.67197,9.2519,13.036,0.0011895,0.00055858,0.21985762827559502,0.613393493318918
109,../img/tt/1227tt.jpg,102,0.7941176470588235,60,79,0.4063416914132088,0.6568627450980392,0.47710135584259794,1.5,1.7674168654388311,3.7745098039215685,1.8927002176161751,2.843137254901961,2.128287081614378,1227,1.7932287437790801,7.56626116245054,0.18751785116718803,0.46456000000000003,0.7912399999999999,7.4857,15.808,0.0015565,0.00039609,0.20148078264102898,0.7054871589550981
110,../img/tt/1228tt.jpg,93,0.8279569892473119,82,69,0.3794634631543566,0.40860215053763443,0.4942398453968817,1.935483870967742,1.6471744688147907,3.4731182795698925,1.8272776011077383,3.3548387096774195,1.9816833056022514,1228,1.70830973341102,7.6435137716737405,0.0716936628365299,0.30527,0.57885,6.3757,14.927,0.0013547000000000001,0.00026274,0.180672152678886,0.6084103667952161
111,../img/tt/1232tt.jpg,86,0.813953488372093,61,71,0.39142658862397905,0.6744186046511628,0.4713400287569668,1.9069767441860466,1.9919125127064021,3.63953488372093,1.8465407448248252,3.36046511627907,1.9758113192704017,1232,2.38073105474021,7.778809756116719,0.114145201401559,0.66596,0.82924,13.594000000000001,39.068000000000005,0.00087525,0.00023567,0.298662643978075,0.7629622926401171
112,../img/tt/1234tt.jpg,95,0.7473684210526316,80,78,0.43682658939781505,0.5578947368421052,0.49927158587422765,2.094736842105263,1.637809150356024,3.9368421052631577,1.5354708635061662,3.5157894736842104,1.785658933712592,1234,1.5350148698794,7.66530444023394,0.23040035537126102,0.41431999999999997,0.65427,4.3764,8.0552,0.0016801,0.00086948,0.13684969184025,0.560075649334555
113,../img/tt/1235tt.jpg,90,0.4777777777777778,68,62,0.502304303170668,0.2222222222222222,0.4180688018689385,1.6444444444444444,1.416683190033624,4.233333333333333,1.3986349685607387,3.6666666666666665,1.8723295590061302,1235,1.8912596919339197,7.50179525268744,0.147657826664958,0.61732,0.7383,9.7527,16.416,0.0011163,0.00036095,0.228137924285644,0.640245570243766
114,../img/tt/1236tt.jpg,85,0.5294117647058824,56,56,0.5020964452534338,0.5176470588235295,0.5026540206004229,1.0941176470588236,1.5088905527837704,4.0,1.5660079668957472,3.6470588235294117,1.7162104041347914,1236,1.85117686244042,7.53445318610993,0.111114570374563,0.54976,0.6339199999999999,9.8784,11.839,0.00128,0.00066503,0.22797304461154397,0.516851582982647
115,../img/tt/1237tt.jpg,74,0.8108108108108109,64,69,0.39433230113337375,0.7702702702702703,0.4235304099414013,3.081081081081081,2.118132783015853,3.27027027027027,1.8748318448600387,2.364864864864865,2.057890423513111,1237,1.78429908230588,7.092665990703519,0.0882413262652369,0.6159600000000001,0.68914,10.419,15.107000000000001,0.0012397,0.00054625,0.237503339141963,0.489631823961954
116,../img/tt/1239tt.jpg,66,0.6060606060606061,50,55,0.492365963917331,0.7575757575757576,0.4318335170875305,3.0,2.398717606106678,3.696969696969697,1.8057148336894344,2.727272727272727,2.1664963174919762,1239,1.5988026421285302,7.65252532653813,0.19573487600175002,0.45671000000000006,0.73049,5.6665,13.204,0.0015396,0.0004641,0.16841334082744502,0.599486331673568
117,../img/tt/123tt.jpg,105,0.9714285714285714,91,99,0.16739766432653122,0.4380952380952381,0.49853264540529196,1.8,1.4832396974191326,3.5619047619047617,1.6809098356122127,2.7714285714285714,1.887494996718498,123,1.69602426630041,7.115964227172519,0.24461331341203102,0.43468,0.65284,5.6004,6.6427,0.0017692999999999997,0.00051252,0.1650463934909,0.51293594009641
118,../img/tt/1241tt.jpg,95,0.6947368421052632,72,77,0.46296188461572396,0.4105263157894737,0.4945390469729999,1.7473684210526317,1.624076962413797,3.768421052631579,1.6008816160129524,3.5157894736842104,1.803443266305218,1241,2.3437327207518397,7.89179497409662,0.156181930311052,0.6442100000000001,0.7939,12.328,17.351,0.0010812999999999999,0.00033062,0.271482423107785,0.573171174081045
119,../img/tt/1242tt.jpg,88,0.6704545454545454,62,68,0.4727418412673543,0.5454545454545454,0.5007830858361344,1.875,1.9641177715935607,3.9431818181818183,1.670280825348747,3.125,2.0778663902263266,1242,1.70640869522876,7.51155453556092,0.11280983228021901,0.52374,0.52386,6.6538,12.597999999999999,0.0012865,0.00052188,0.19199958161657898,0.548633292983706
120,../img/tt/1243tt.jpg,109,0.8990825688073395,100,96,0.3026106815708056,0.3577981651376147,0.4815664213218672,2.2660550458715596,1.6080941205805086,3.9724770642201834,1.4811076660562397,3.926605504587156,1.7464589678162254,1243,2.47291948673963,7.648808416770951,0.131809380763445,0.7489399999999999,0.7692899999999999,14.675999999999998,16.221,0.0010566,0.00045996,0.30925951123778694,0.615969703534484
121,../img/tt/1247tt.jpg,106,0.4811320754716981,75,70,0.5020174930640545,0.49056603773584906,0.5022858798744932,1.4245283018867925,1.5427132141445268,3.8867924528301887,1.5264072646139717,3.443396226415094,1.9027808655916778,1247,2.39221407032483,7.60719880497799,0.0901798991169537,0.69334,0.7596,13.658,24.041,0.00097959,0.00030285,0.293733239611049,0.656879085775423
122,../img/tt/124tt.jpg,98,0.9285714285714286,95,93,0.2588634954533963,0.7653061224489796,0.42598631235363027,3.489795918367347,1.9331342957342597,3.3877551020408165,1.6722887153999795,2.4489795918367347,1.9164101372128572,124,3.5446875069542902,7.720336280610059,0.148799555956707,0.65879,0.7240300000000001,13.69,19.097,0.00082266,0.00031999,0.30726835986076,0.645624358873114
123,../img/tt/1250tt.jpg,93,0.8279569892473119,72,78,0.3794634631543566,0.5376344086021505,0.5012839988457952,1.6451612903225807,1.4791681070520875,4.021505376344086,1.6614457731253212,3.3548387096774195,1.9761906773557758,1250,1.9977119953470301,7.35774686757251,0.11325648023813199,0.6130899999999999,0.57334,10.208,21.886999999999997,0.0012074000000000002,0.00031164,0.237207290210879,0.551329323971046
124,../img/tt/1251tt.jpg,83,0.9156626506024096,60,75,0.27958240973264575,0.8192771084337349,0.38712758069902264,1.6746987951807228,1.8018177389144618,3.4698795180722892,1.8302162300454323,2.891566265060241,1.9939668037502114,1251,1.5880225056972301,7.66720789349405,0.11681465731927199,0.57198,0.66968,6.6459,25.554000000000002,0.0012441,0.00018875,0.18881448497006503,0.6957480346650301
125,../img/tt/1254tt.jpg,101,0.7920792079207921,79,92,0.4078438839352213,0.8217821782178217,0.38460472186286004,1.9801980198019802,1.897262227631183,3.9702970297029703,1.6640639743985468,2.9702970297029703,2.0172032398573743,1254,2.2767717113702597,7.65126610974664,0.113630019861583,0.64877,0.7651399999999999,11.829,21.258000000000003,0.0010459000000000002,0.00030809,0.267964846134825,0.7089968143288159
126,../img/tt/1255tt.jpg,117,0.6581196581196581,81,88,0.476379904220056,0.6324786324786325,0.4842037651417263,1.5128205128205128,1.7151223170182988,4.102564102564102,1.5334467339759945,3.0598290598290596,2.0690269172537747,1255,2.4330155889438303,7.72354233414155,0.125461071800438,0.6896100000000001,0.61998,14.85,16.793,0.00095277,0.00031401,0.31417636936976695,0.6343861033024101
127,../img/tt/1260tt.jpg,96,0.5416666666666666,60,55,0.5008764248619176,0.3958333333333333,0.4915960401250875,1.125,1.4599927901768623,4.010416666666667,1.7136897199144165,3.5416666666666665,2.077025538533241,1260,2.68888507542117,7.659571762965549,0.231816336864956,0.75321,0.8004600000000001,17.783,19.287,0.00097078,0.00037224,0.354090087110899,0.606897474317026
128,../img/tt/1261tt.jpg,100,0.9,78,83,0.30151134457776363,0.64,0.48241815132442184,1.72,1.4500435381829964,4.13,1.515275752482236,3.73,1.6928548596254718,1261,2.6111173493363,7.34261817923775,0.215064400879349,0.59337,0.54262,16.47,11.402000000000001,0.0011986,0.00072867,0.33575144792694894,0.47779239021655
129,../img/tt/1262tt.jpg,93,0.8817204301075269,73,88,0.32468922819237606,0.7526881720430108,0.4337880162138562,1.6559139784946237,1.3791508387403206,4.118279569892473,1.4952785284062817,3.4623655913978495,1.6455416696727145,1262,2.1223629342915498,7.5163876702637005,0.289024562437552,0.38176,0.49882,10.44,7.9676,0.0014434,0.00057192,0.241189610314787,0.45081985999349794
130,../img/tt/1268tt.jpg,98,0.6632653061224489,52,68,0.4750231150321569,0.5408163265306123,0.5008933739847539,1.2346938775510203,1.6609587369773853,3.7653061224489797,1.9038811169253214,3.5714285714285716,1.7991979885665321,1268,1.80463858841502,7.6603054135361095,0.0887673991608668,0.53233,0.71473,7.3705,18.087,0.0013385,0.00029092,0.202454658932162,0.6559538472031171
131,../img/tt/1269tt.jpg,112,0.8482142857142857,105,103,0.3604257099690482,0.6875,0.4655956177621082,2.9017857142857144,1.7805749725712854,3.6607142857142856,1.585710807328614,2.9464285714285716,1.99476470519363,1269,2.25854214041275,7.36746717805442,0.0989857312202429,0.67743,0.6236,11.944,13.620999999999999,0.0010218999999999998,0.00035014,0.265931251491478,0.619986236122868
132,../img/tt/126tt.jpg,105,0.8285714285714286,79,86,0.3786906302070246,0.6857142857142857,0.46645730520854495,2.085714285714286,2.1173018284994307,3.6952380952380954,1.971546686486612,2.7714285714285714,1.937768060151951,126,1.56074888260517,7.3555533307637795,0.242181057079909,0.25356,0.66775,5.8251,8.5814,0.0022403,0.00056678,0.142981816899456,0.5831738899297371
133,../img/tt/1270tt.jpg,102,0.5,65,61,0.5024691508189857,0.10784313725490197,0.31171396971074694,1.4901960784313726,1.7951811074923167,3.8627450980392157,1.7179265402653305,3.4313725490196076,1.8642536473916957,1270,2.06586455208542,7.748900834523621,0.33849401580770694,0.5645399999999999,0.5478,9.5193,11.424000000000001,0.0013885,0.00045001,0.22562751837792702,0.539986208488435
134,../img/tt/1272tt.jpg,98,0.9081632653061225,80,84,0.2902801595145362,0.5816326530612245,0.4958273183724703,1.5918367346938775,1.5718971051414643,4.071428571428571,1.663743140365544,3.9081632653061225,1.7882015079021307,1272,2.2232419897803197,7.647399918530691,0.0875911955344207,0.59035,0.86829,11.902999999999999,27.461,0.00096838,0.00032193,0.276595778700954,0.768983803552633
135,../img/tt/1275tt.jpg,92,0.9239130434782609,73,83,0.26659001127895315,0.717391304347826,0.45273496010290487,2.2065217391304346,1.8249675202785576,3.9130434782608696,1.8196254530253353,3.0652173913043477,2.2326466225609196,1275,2.7766635031763194,7.54698046673763,0.12744951656217898,0.71057,0.63661,19.097,23.89,0.00087381,0.00025818,0.373185944366969,0.703208698475783
136,../img/tt/1276tt.jpg,103,0.5825242718446602,56,65,0.4955541925344141,0.33980582524271846,0.4759592596309886,0.8640776699029126,1.1465937934776973,4.194174757281553,1.633342851676054,3.2524271844660193,1.9489486688375253,1276,2.3472278286221098,7.77147725081668,0.10659951977388,0.5694100000000001,0.65566,12.687999999999999,19.151,0.0011423,0.00035689,0.27768424335452,0.5990499655322591
137,../img/tt/1278tt.jpg,104,0.3942307692307692,58,52,0.4910513632749223,0.17307692307692307,0.38014579963067907,0.9711538461538461,1.3398792205330046,4.0,1.7123197233435867,3.519230769230769,1.9206631603055082,1278,1.6648655283450002,7.8359441002744905,0.12070139067811901,0.49313999999999997,0.67592,5.8246,14.915999999999999,0.0011975,0.00022533,0.176516344622875,0.68606385829558
138,../img/tt/1279tt.jpg,100,0.38,52,43,0.4878317312145634,0.2,0.4020151261036848,0.97,1.2906423113154069,4.14,1.657672702278344,3.14,1.858749443833002,1279,2.0152751458807296,6.91553420074829,0.124095205600687,0.57207,0.63813,9.0051,10.907,0.0011099,0.00022369,0.21627161062091801,0.7071685923923651
139,../img/tt/1283tt.jpg,116,0.6120689655172413,75,80,0.48939273326880517,0.3706896551724138,0.48508488569201635,1.4051724137931034,1.625762420612514,4.189655172413793,1.5929944081533358,3.25,1.703576799866527,1283,2.7003178542085498,7.905516825282481,0.11412108010126,0.7248399999999999,0.83846,17.967,37.871,0.00084852,0.0001618,0.36104121784571297,0.752469650654592
140,../img/tt/1290tt.jpg,83,0.963855421686747,72,79,0.18778445950728181,0.6626506024096386,0.4756794481666926,1.8795180722891567,1.727804121417264,3.927710843373494,1.5986513563848845,3.2650602409638556,2.012669246629155,1290,1.8420740601883,7.10337965045498,0.39751109371647797,0.37999,0.4762,7.4537,12.796,0.0015900999999999999,0.00081287,0.20724121626948602,0.499698528762294
141,../img/tt/1307tt.jpg,104,0.9711538461538461,88,91,0.16818452471614478,0.7115384615384616,0.45524082868145843,1.8173076923076923,1.5057457790105915,4.144230769230769,1.5852369228504406,3.394230769230769,1.977633523683172,1307,2.10760031074999,7.64751114635869,0.143812016568745,0.5533,0.61338,10.765999999999998,7.9411,0.0013606,0.00079404,0.24592625952018898,0.44217468244200103
142,../img/tt/1309tt.jpg,110,0.9454545454545454,102,103,0.22813015906399164,0.2818181818181818,0.45194418308073947,2.2818181818181817,1.7087568214628275,3.6363636363636362,1.679489179260382,2.690909090909091,1.790625202411975,1309,2.27569737315421,7.53214312802055,0.109713002559215,0.62778,0.6893199999999999,12.155999999999999,23.145,0.0011043,0.00016094,0.269785425966171,0.6066412370381761
143,../img/tt/1353tt.jpg,115,0.9130434782608695,80,100,0.2830044755490238,0.7565217391304347,0.4310595747450752,1.4086956521739131,1.5998665085426254,4.226086956521739,1.5675484802666457,3.8086956521739133,1.9551804878049526,1353,1.69256286489779,7.47669049006225,0.31234474439285304,0.44101,0.69968,5.2803,6.872000000000001,0.0016736000000000001,0.00032669999999999997,0.16291768389300798,0.4835998710577779
144,../img/tt/135tt.jpg,110,1.0,103,109,0.0,0.990909090909091,0.09534625892455922,4.172727272727273,1.9529281281095068,2.7363636363636363,1.9093073470383302,2.036363636363636,2.2622845996193157,135,1.6125078514670699,7.19478478789858,0.23866799413135,0.39789,0.6398699999999999,4.2181,3.3005,0.0015712999999999999,0.00080418,0.12821559835551402,0.411947443888449
145,../img/tt/1362tt.jpg,112,0.9642857142857143,101,105,0.18641092980036003,0.5178571428571429,0.5019267894130596,2.0625,1.5084223008951565,3.6785714285714284,1.7409445800737111,3.0089285714285716,1.9474887304455333,1362,1.8774289198876297,7.664882323001961,0.302776154228063,0.5251399999999999,0.6179600000000001,7.8897,10.767000000000001,0.0014587,0.00080262,0.215613919176857,0.4392585684605879
146,../img/tt/1363tt.jpg,92,1.0,68,92,0.0,0.5760869565217391,0.4968847048741671,1.7717391304347827,1.569652168857558,3.891304347826087,1.7254177499518837,3.010869565217391,1.9806457223101017,1363,1.36638119697363,7.3477299826791596,0.135854412947714,0.4682,0.60313,4.3393,6.5662,0.0018680999999999997,0.00070068,0.141560306274669,0.41133967420560597
147,../img/tt/1366tt.jpg,106,0.8113207547169812,80,84,0.3931123078876547,0.46226415094339623,0.5009425079052636,1.2924528301886793,1.3235376917803823,3.990566037735849,1.6532523963610868,3.0283018867924527,1.968598956327456,1366,1.9603129679273998,7.175937978447241,0.402773306084003,0.55478,0.60248,8.2763,5.7311,0.0014529000000000002,0.00079392,0.20182643807820602,0.427920783071863
148,../img/tt/140tt.jpg,97,1.0,86,96,0.0,0.9896907216494846,0.10153461651336192,3.3711340206185567,2.176195014760405,2.9278350515463916,1.964515539730324,2.2061855670103094,2.145431892853477,140,2.22476022366586,7.22734448768018,0.38553912930397205,0.48421000000000003,0.40783,12.462,8.3514,0.0016565000000000002,0.0010579,0.262999339143357,0.399398288761268
149,../img/tt/163tt.jpg,100,0.74,74,77,0.44084400227680814,0.69,0.4648231987117316,1.97,1.8665313803789618,3.78,1.6549893954312513,3.17,2.0203760026092152,163,1.9598800310617701,7.57899899377953,0.6254414542938671,0.35448,0.44263,4.9433,5.432,0.0012699999999999999,0.00081286,0.151756211764824,0.319930414814342
150,../img/tt/184tt.jpg,96,0.71875,61,61,0.4519693748358109,0.34375,0.47745211939605997,1.1354166666666667,1.3658989071528695,4.052083333333333,1.5652125577304805,3.5625,1.8795996214199728,184,2.15826607746269,7.70612063951301,0.34626627981687,0.37422,0.55274,7.9822,5.9544,0.0012613,0.00054351,0.215577809774421,0.440711343390965
151,../img/tt/189tt.jpg,108,0.9259259259259259,92,95,0.2631123459879528,0.75,0.4350314200705488,1.6851851851851851,1.5686660095438087,4.268518518518518,1.364479165167876,3.314814814814815,1.9074284109648891,189,1.9924679886030099,7.8415346972947,0.276091621034084,0.6522600000000001,0.71741,8.7317,15.015999999999998,0.0012257,0.00056991,0.207731158496075,0.535803257667328
152,../img/tt/194tt.jpg,117,0.9658119658119658,113,113,0.18249345437595235,0.811965811965812,0.3924200760186481,3.1367521367521367,1.7415113477210202,3.641025641025641,1.642441089383571,2.923076923076923,1.7427378685604413,194,1.86691949694648,7.789199530890389,0.21303469066187097,0.55357,0.71202,7.5852,15.145,0.0014632999999999998,0.00058652,0.18652303156556602,0.560893111018144
153,../img/tt/222tt.jpg,96,0.78125,68,59,0.41556872887773033,0.4479166666666667,0.4998903388516255,1.2604166666666667,1.3158530686385979,4.020833333333333,1.716662408443024,3.75,1.9574419397183722,222,1.70794448152502,7.74349570401096,0.293609379892666,0.54696,0.55152,6.0439,11.4,0.0015035,0.00056273,0.17754862951203498,0.470074514815034
154,../img/tt/270tt.jpg,94,0.776595744680851,63,63,0.418760467862074,0.5106382978723404,0.5025671912722797,1.2659574468085106,1.5462443707524802,4.159574468085107,1.6349883527871736,3.0851063829787235,2.0195792943569657,270,2.29749521229848,7.64391116172709,0.141628565180962,0.65366,0.67251,11.352,14.424000000000001,0.0012499,0.00046111,0.253194638770262,0.5658202124113011
155,../img/tt/273tt.jpg,100,0.92,84,93,0.2726599243442907,0.78,0.41633319989322654,3.22,2.2137312530219337,3.01,1.8613289485057318,2.74,2.1909824372650815,273,2.10822247546299,7.28833842220419,0.41515474475260794,0.41311000000000003,0.5594100000000001,6.2055,5.052,0.0014093,0.00086618,0.170841590276491,0.339599053666211
156,../img/tt/279tt.jpg,107,0.7850467289719626,91,88,0.4127230645172166,0.7757009345794392,0.41908280838294615,3.635514018691589,2.287754618737844,2.953271028037383,1.934703807324841,2.588785046728972,2.188965772110748,279,2.3163339561328,7.71101531121148,0.176753071625701,0.6459,0.82699,12.66,11.437999999999999,0.0011511,0.00027939,0.273893607038625,0.5993408012344129
157,../img/tt/296tt.jpg,108,0.9351851851851852,96,96,0.24734659734413647,0.7222222222222222,0.44999134640346833,2.1666666666666665,1.5069930449020585,3.8333333333333335,1.567783124425583,3.7222222222222223,1.7552768683986018,296,2.23540196316623,7.77589342184448,0.39655264086310604,0.55691,0.58687,9.5793,13.81,0.00109,0.00045717,0.23441364643498,0.43429647245958203
158,../img/tt/300tt.jpg,108,0.7407407407407407,89,90,0.440271164751447,0.5740740740740741,0.4967878823695563,2.037037037037037,1.651540916987707,3.935185185185185,1.5179496017402325,3.5462962962962963,1.9256471627741603,300,2.45205780096272,7.6192409904425595,0.174964981612683,0.6792100000000001,0.7478199999999999,13.842,15.834000000000001,0.0011246,0.00030868,0.29921450681026096,0.57508187506498
159,../img/tt/301tt.jpg,101,0.8910891089108911,64,79,0.31308114280518085,0.693069306930693,0.4635207494260799,1.198019801980198,1.5100980231772905,4.02970297029703,1.6879303631640403,3.3366336633663365,1.9711784684435465,301,1.1021142537703201,7.3206476815998,0.10825392344879302,0.20601,0.5181399999999999,3.199,3.9995,0.0021144000000000002,0.00076329,0.10198982346666999,0.35801391923375303
160,../img/tt/306tt.jpg,82,0.7439024390243902,47,48,0.4391623791977401,0.4268292682926829,0.4976608941363029,0.8536585365853658,1.1452742538497775,4.158536585365853,1.6289776555707232,3.573170731707317,1.9311001649407071,306,1.4982698612134902,7.145253673523889,0.127273131957775,0.30579,0.46696000000000004,4.3729,6.2791,0.0019879000000000003,0.00091171,0.130690890477846,0.42647094062230895
161,../img/tt/307tt.jpg,109,0.6880733944954128,70,75,0.46541991606190897,0.5321100917431193,0.5012725905032175,1.1009174311926606,1.387410017959392,4.091743119266055,1.713461324681438,3.7247706422018347,1.904534353671607,307,2.24160553669419,7.506525757406799,0.134057788054057,0.47172,0.40348,11.825999999999999,11.892000000000001,0.0012321,0.0004896,0.266003319272391,0.5095118659664379
162,../img/tt/315tt.jpg,105,0.8476190476190476,75,88,0.36111345918274823,0.7238095238095238,0.449256610225717,1.5333333333333334,1.710075721820228,3.9523809523809526,1.7452184808176732,3.447619047619048,1.9610679605224153,315,1.85408542800693,7.0757172596602596,0.314683362059785,0.35372,0.45968000000000003,7.6034,16.27,0.0014678,0.00079386,0.19953745109165802,0.6099810524613101
163,../img/tt/318tt.jpg,104,0.9230769230769231,79,92,0.26775977105656823,0.7788461538461539,0.41703369446024446,1.7596153846153846,1.7653360872990274,3.701923076923077,1.6480633394152122,2.894230769230769,2.071153092046686,318,1.81775087005395,7.7592906951405896,0.31942361698519706,0.38301999999999997,0.43854,6.2143,7.6707,0.0013707,0.00060556,0.17093478803235798,0.38360890838841605
164,../img/tt/319tt.jpg,109,0.944954128440367,91,105,0.22912322357199058,0.8623853211009175,0.3460863173281979,2.5137614678899083,1.9842653221032536,3.761467889908257,1.6991233173523648,3.0091743119266057,1.9460092727693727,319,2.17559343165032,7.7928261824625995,0.135686349394513,0.63931,0.77675,10.842,16.601,0.0013586,0.00027145,0.22989002351490803,0.563135494199171
165,../img/tt/329tt.jpg,97,0.6082474226804123,52,50,0.49067769952484747,0.3917525773195876,0.4906776995248476,0.845360824742268,1.2444895722876292,4.0,1.7559422921421228,3.422680412371134,2.009534831882699,329,3.07361080942489,7.06946779078359,0.22381523334958103,0.58891,0.64447,10.157,6.1089,0.00097714,0.00067783,0.245901807143163,0.472409631065103
166,../img/tt/353tt.jpg,106,0.8113207547169812,89,93,0.3931123078876547,0.7830188679245284,0.4141478222666758,2.3207547169811322,2.0073539551279973,3.839622641509434,1.574419272849699,3.1320754716981134,1.8876817311345941,353,2.9415639877113504,7.80967927114166,0.23291130540575,0.63954,0.7376,10.652999999999999,10.724,0.00082305,0.00044989,0.25857986225069696,0.536149415997515
167,../img/tt/357tt.jpg,107,0.822429906542056,63,76,0.3839488004426006,0.5887850467289719,0.4943696391887843,1.3457943925233644,1.6659905758545523,3.9626168224299065,1.6536137307901544,2.94392523364486,1.9706898308591325,357,2.36267617539929,7.8196889105612,0.24036192768527198,0.56524,0.61064,14.092,13.693,0.0015414,0.00098269,0.300807288608845,0.48719937952528797
168,../img/tt/358tt.jpg,109,0.7614678899082569,84,82,0.42815457940655344,0.5045871559633027,0.5022883414749454,1.4862385321100917,1.4247461040810474,4.385321100917431,1.4587428433334488,3.8256880733944953,1.819869941920188,358,1.17353102320092,7.45979644263453,0.658109612504184,0.22978,0.37361,3.0054,5.212000000000001,0.0019187999999999998,0.0005062,0.10485911671640501,0.367709084455524
169,../img/tt/378tt.jpg,103,0.4174757281553398,56,52,0.495554192534414,0.18446601941747573,0.38976042957366847,1.029126213592233,1.4242735381115996,4.29126213592233,1.6487135089313265,3.679611650485437,1.7998561610993387,378,2.26003401800449,7.655741961828199,0.128507265404725,0.6281100000000001,0.57882,11.607000000000001,21.74,0.0012554999999999999,0.00023711,0.25942469094348103,0.642253209390715
170,../img/tt/380tt.jpg,101,0.5742574257425742,70,52,0.49692121414697804,0.06930693069306931,0.2552420710844612,1.188118811881188,1.2466986106283164,4.1683168316831685,1.6374938591072217,3.4653465346534653,2.061864963743472,380,1.9489590998922601,7.6966751323986795,0.281493033753517,0.5278,0.59149,8.2444,8.9387,0.0016378,0.001042,0.201155505815711,0.44475989622290296
171,../img/tt/405tt.jpg,98,0.7551020408163265,76,80,0.4322376324704123,0.7244897959183674,0.44906804400026723,2.4489795918367347,2.2754741161321657,3.295918367346939,2.0368217797194665,2.938775510204082,2.205037936090954,405,2.1778348583204696,7.52461174059872,0.14696987422222502,0.61621,0.70025,10.195,12.297,0.0012208,0.00041618,0.23464611825939802,0.589452761117812
172,../img/tt/406tt.jpg,100,0.94,56,85,0.23868325657594203,0.82,0.3861229196653692,1.25,1.6899883449481554,4.36,1.5603677370246651,3.42,2.1564092863139432,406,1.44680784251154,7.38010527823074,0.36363328150839597,0.47972,0.6997899999999999,3.0013,5.202999999999999,0.0017006,0.00064856,0.10589351560325,0.44415563895526
173,../img/tt/412tt.jpg,108,0.8703703703703703,77,86,0.3374614576148845,0.49074074074074076,0.5022448740055659,1.287037037037037,1.3045637071086857,3.9166666666666665,1.7621407965641926,2.7962962962962963,2.0313397782167293,412,2.06211930904422,7.296607016743879,0.48243107408324504,0.53678,0.58634,9.3279,8.6778,0.0016622,0.0008599,0.217010545623203,0.353942565591044
174,../img/tt/416tt.jpg,121,0.8264462809917356,98,106,0.38030001206094344,0.8016528925619835,0.4004130099190043,2.6859504132231407,2.1292919709426092,3.4132231404958677,1.7543727344723683,2.5867768595041323,2.07633259011975,416,1.9329315500676398,7.82637710776049,0.160780004559823,0.66354,0.79664,7.7168,20.978,0.0012632,0.00020415,0.21144288031318698,0.587503110811036
175,../img/tt/418tt.jpg,101,0.7920792079207921,70,81,0.4078438839352215,0.7029702970297029,0.4592287982138215,1.4851485148514851,1.6589988630866426,3.891089108910891,1.7657915511124744,3.396039603960396,2.035088243397775,418,2.34315342114803,7.18555204418308,0.216886067638818,0.55457,0.63749,9.2496,5.5308,0.0010302999999999998,0.00063273,0.22541736283819602,0.368135513282564
176,../img/tt/435tt.jpg,110,0.8727272727272727,80,92,0.3348035411640384,0.5818181818181818,0.4955178586996052,1.790909090909091,1.8822953708755032,3.7818181818181817,1.7681266621043779,3.6363636363636362,2.0575538729155936,435,1.8004015648563898,6.97253504114347,0.138603672406332,0.50261,0.5997,6.8306,8.3808,0.0013587,0.00063137,0.19430004865433603,0.4691337375798211
177,../img/tt/436tt.jpg,107,0.822429906542056,80,78,0.38394880044260066,0.32710280373831774,0.4713629562253475,1.7102803738317758,1.6823688700723567,3.8598130841121496,1.6848301976524311,3.1121495327102804,1.9441596273645605,436,1.9348141472868898,7.7114621394496705,0.142840728465533,0.5095,0.57987,7.6061,16.62,0.0012785000000000001,0.00036549,0.214909828377654,0.575995841316584
178,../img/tt/438tt.jpg,100,0.77,77,80,0.42295258468165076,0.61,0.4902071300001973,1.73,1.7047467894563157,3.97,1.7317883557441165,3.6,1.9279968146165898,438,1.97608894523688,7.6807955835406,0.301930048951986,0.53878,0.50583,8.7666,9.9107,0.0014199999999999998,0.00063303,0.206074071068589,0.48356477407957105
179,../img/tt/440tt.jpg,99,0.7272727272727273,72,78,0.4476282581717944,0.5555555555555556,0.49943278484292936,1.3737373737373737,1.3819969179936884,4.040404040404041,1.5578582361900393,3.676767676767677,1.8396332976886876,440,2.2524986213315095,7.422029753254111,0.11942697063420299,0.6413800000000001,0.69697,11.885,15.431,0.0010802,0.00041053,0.262162313447862,0.551191798235231
180,../img/tt/442tt.jpg,102,0.7843137254901961,62,64,0.4133286990678388,0.5098039215686274,0.5023725500008633,0.8627450980392157,1.2108356960779298,4.450980392156863,1.5709456758409597,3.343137254901961,1.9319876290484757,442,2.8141155035051297,7.5385795649199805,0.260854558679923,0.6776300000000001,0.65345,10.422,7.0946,0.00071327,0.00039764,0.256586262766665,0.415047027655252
181,../img/tt/456tt.jpg,105,0.9523809523809523,79,89,0.2139802462554565,0.8095238095238095,0.39456007866693205,1.7523809523809524,1.657041805684922,4.066666666666666,1.4888474289418197,3.7333333333333334,1.861898672502526,456,0.854614655136505,6.03011148672871,0.681767637585364,0.25076,0.46056,3.3157,3.0777,0.0019272000000000002,0.00033595,0.102997897732066,0.441787980201632
182,../img/tt/468tt.jpg,93,0.946236559139785,69,72,0.22677279367959727,0.6666666666666666,0.4739595775584878,1.6666666666666667,1.807793113724296,4.301075268817204,1.7802353669288589,3.6344086021505375,2.04187119125187,468,1.8606336489589599,7.5166402877730505,0.20043259333926602,0.49373,0.6458,8.4218,10.277999999999999,0.0015877,0.00054845,0.20040553259574498,0.421866340487488
183,../img/tt/477tt.jpg,107,0.6074766355140186,75,68,0.4906101196910746,0.4205607476635514,0.49597213817002384,1.3925233644859814,1.465045619392714,3.8878504672897196,1.667260224642305,3.0934579439252334,1.9977945872479588,477,2.2108887053905497,7.040543903265001,0.19631965564293696,0.61807,0.61034,10.439,7.1769,0.0012226,0.00051154,0.239925737619916,0.49692516413488597
184,../img/tt/481tt.jpg,61,0.7377049180327869,51,46,0.44353276257274366,0.6229508196721312,0.48866943244656724,2.4918032786885247,2.1183558940813203,3.5901639344262297,1.8108658074737605,3.0491803278688523,1.9615149715478994,481,1.97403679922147,6.78820462333755,0.46133320308042297,0.44623,0.6189,3.9343,7.5675,0.0013366,0.00050531,0.12294468187001699,0.42870821802852294
185,../img/tt/496tt.jpg,66,0.6060606060606061,45,47,0.49236596391733095,0.48484848484848486,0.5036000929438492,1.3484848484848484,1.5834958817310536,3.8181818181818183,1.5181880993128305,3.5,1.7386997794550165,496,2.10887852396798,7.84429158923635,0.31653942441018,0.5859300000000001,0.64318,10.502,9.9496,0.0014045,0.00034651,0.23435551318110298,0.5074295872707221
186,../img/tt/497tt.jpg,106,0.9811320754716981,83,99,0.1367049011885994,0.8207547169811321,0.3853797091384463,1.8773584905660377,1.5898657037545159,3.7169811320754715,1.5961544082195513,3.3962264150943398,1.8755532277578097,497,1.98559253605517,7.55367994866397,0.34678520128946,0.53165,0.5878,7.8808,8.0436,0.0013672,0.00099337,0.19950642105184802,0.35002696167519703
187,../img/tt/507tt.jpg,107,0.9065420560747663,92,97,0.2924428755821409,0.6822429906542056,0.467795529456675,1.766355140186916,1.4767342810528017,3.9345794392523366,1.579772064030203,3.205607476635514,1.7196879804581555,507,1.74037043336032,7.42269692766745,0.241583265187337,0.36907,0.64835,6.2953,12.125,0.0018680999999999997,0.00043412,0.175124420001307,0.573816559598313
188,../img/tt/515tt.jpg,110,0.5545454545454546,83,76,0.4992905726093579,0.509090909090909,0.5022053117460576,1.7636363636363637,1.6805813363307807,3.8181818181818183,1.6544730483015726,3.1454545454545455,1.924427061819583,515,2.06614779474599,7.539472588273901,0.21605605426080104,0.58507,0.5663100000000001,9.391,8.4255,0.0013832,0.0011177,0.221622135914801,0.433605290182224
189,../img/tt/517tt.jpg,116,0.8620689655172413,98,102,0.34632359143582386,0.5431034482758621,0.5002997602187739,1.6810344827586208,1.3806056511611096,4.043103448275862,1.5457782133467823,3.5086206896551726,1.6178122084559399,517,1.8951150193851,7.747122740811171,0.0942586229287914,0.58709,0.80369,8.17,21.241999999999997,0.0012071,0.00024097,0.198455217585188,0.722033902372808
190,../img/tt/522tt.jpg,92,0.6086956521739131,51,53,0.4907164920657184,0.3804347826086957,0.4881539863416776,1.2065217391304348,1.7637251005447099,4.25,1.801251091465455,4.043478260869565,2.0697350442431923,522,2.34523230095551,7.55574071462358,0.217632993222616,0.61153,0.5738800000000001,12.549000000000001,9.2883,0.0011905,0.00048113,0.269838950574281,0.46140143738220796
191,../img/tt/524tt.jpg,106,0.7547169811320755,94,91,0.4322988550642337,0.4811320754716981,0.5020174930640544,2.292452830188679,1.5794331782068165,3.481132075471698,1.8884669119759638,3.490566037735849,1.8733483291326654,524,1.2024831429324498,7.5285066106343,0.31150239835923904,0.31556999999999996,0.80143,2.7787,9.3595,0.0018066,0.00027193,0.0986089870803852,0.632434493154773
192,../img/tt/534tt.jpg,93,0.946236559139785,80,88,0.22677279367959727,0.8924731182795699,0.311460988952202,2.064516129032258,1.6070933227745652,4.10752688172043,1.4100752800702416,3.118279569892473,2.0154267126429075,534,3.2544425413361204,7.76554336945884,0.19744551256936,0.68576,0.68553,13.639000000000001,13.03,0.00053098,0.00034775,0.313827713289714,0.539066205633686
193,../img/tt/549tt.jpg,100,0.72,50,60,0.4512608598542128,0.35,0.4793724854411023,0.69,1.1432277537611204,4.0,1.83126605208947,3.05,2.0955701232395305,549,1.59503229002818,6.32183018149548,0.0717732664054608,0.29571,0.35925,6.7358,7.0392,0.0020818,0.0012359000000000003,0.1931678415551,0.408943341480697
194,../img/tt/552tt.jpg,117,0.9230769230769231,95,101,0.26761546505252365,0.6239316239316239,0.48648095484031034,2.128205128205128,1.9411090925766696,4.042735042735043,1.652548514563357,3.2564102564102564,2.043297901187526,552,1.21970565674945,7.20318699959574,0.321821476272426,0.33646,0.71951,4.3332,9.3048,0.0017389,0.00034811,0.136900518589976,0.605716042716414
195,../img/tt/559tt.jpg,95,0.8210526315789474,68,73,0.38534172091962604,0.7052631578947368,0.45834308924429823,1.7473684210526317,1.6043055172283058,4.063157894736842,1.549265620920355,3.0842105263157893,2.1321408574618683,559,1.8823718293351,7.36199325255687,0.251388507537852,0.54605,0.602,7.7889,7.9526,0.0014533,0.00062018,0.20346315547954802,0.39758191351373606
196,../img/tt/567tt.jpg,102,0.9803921568627451,85,96,0.13933307603182388,0.8627450980392157,0.34581560032939285,2.7941176470588234,2.3392401038050483,3.2745098039215685,1.9607881964628613,2.843137254901961,2.319717881614378,567,1.23748453356871,6.90159434395854,0.178478470453189,0.11350999999999999,0.21231,4.1386,4.6487,0.0021330999999999998,0.0010899,0.134648823129191,0.316935289582384
197,../img/tt/580tt.jpg,108,0.6666666666666666,62,60,0.473602222778315,0.25925925925925924,0.44027116475144695,0.8981481481481481,1.4138157741613886,4.416666666666667,1.6583123951777001,3.685185185185185,2.071832220628078,580,2.19145028185304,7.6668390419301,0.105392765016759,0.69475,0.7123,10.118,19.160999999999998,0.0010794,0.00028900000000000003,0.233191198314111,0.590722724611224
198,../img/tt/584tt.jpg,109,0.9908256880733946,89,106,0.09578262852211514,0.8256880733944955,0.38112981887792574,2.302752293577982,1.8282990838277107,3.981651376146789,1.6215085076246178,2.8990825688073394,2.0227637589695804,584,2.0209038459924797,6.12883035751279,0.558554879835526,0.62407,0.57463,8.9355,12.757,0.0013895,0.00089326,0.207726001904803,0.395604566340978
199,../img/tt/590tt.jpg,87,0.5747126436781609,59,45,0.4972525423613138,0.3103448275862069,0.46531671703600713,1.1494252873563218,1.359965249489203,4.126436781609195,1.6761292458709558,3.5402298850574714,1.8477176222720386,590,2.00627968896774,7.597335997618621,0.158434594512822,0.56923,0.76699,8.7163,16.909000000000002,0.0015363,0.00038712,0.211950264043828,0.510769370160003
200,../img/tt/598tt.jpg,88,0.7613636363636364,54,69,0.42869269817327726,0.5909090909090909,0.49448367676099486,1.0568181818181819,1.3161940476844112,4.295454545454546,1.4712500815659575,3.8295454545454546,1.7500186594019402,598,1.9863701633260802,7.5717574046230105,0.462011350476547,0.43213,0.58649,5.3916,8.158,0.0011669,0.00042073,0.158824191493278,0.505900392567349
201,../img/tt/599tt.jpg,102,0.8529411764705882,88,90,0.35591351779483904,0.7058823529411765,0.45789521249527393,2.4901960784313726,1.9738142099574654,3.735294117647059,1.6466375615699331,3.0784313725490198,2.042548759720977,599,2.1421555720357497,7.640603947096679,0.24530831023467603,0.54947,0.58786,10.53,8.575,0.0013238,0.0005774,0.24166140119226,0.482441142602308
202,../img/tt/603tt.jpg,101,0.8613861386138614,72,85,0.3472665538256465,0.8118811881188119,0.3927561912211879,1.7524752475247525,1.6517017926614928,4.0594059405940595,1.5926191144038038,3.1386138613861387,1.9392251182897615,603,2.34754673040759,7.8253993646612505,0.191303172586872,0.6635,0.6208100000000001,12.806,15.985,0.0010232999999999998,0.00035458,0.274354436751506,0.581252031929911
