,currentStim,nbofobs,accfam,countguess,countmem,accfamstd,acc,accstd,accmem,accmemstd,confidence,confstd,curiosity,curstd,aha,ahastd,percguess,percmemguess,width,height,wxh,condition
0,../img/tt/001tt.jpg,110,0.6636363636363637,85,85,0.47462728452546143,0.15454545454545454,0.3631251619428625,0.509090909090909,0.5022053117460578,1.5818181818181818,1.6106401837472115,4.1454545454545455,1.5073907442044,3.2,2.0036663642140047,0.7727272727272727,0.7727272727272727,450,306,137700,
1,../img/tt/007tt.jpg,111,0.8558558558558559,81,95,0.3528287466861572,0.1891891891891892,0.39343507061668354,0.7297297297297297,0.4461134373869488,1.7027027027027026,1.7867929350176512,4.216216216216216,1.6034361137904345,3.18018018018018,2.0810757628871492,0.7297297297297297,0.8558558558558559,600,473,283800,LAHA
2,../img/tt/008tt.jpg,98,0.8979591836734694,76,83,0.30425829769936324,0.3163265306122449,0.4674329716656821,0.7448979591836735,0.43815979972937374,1.2551020408163265,1.3417270336321383,4.051020408163265,1.620566586547706,3.5510204081632653,1.6936658769285036,0.7755102040816326,0.8469387755102041,297,329,97713,
3,../img/tt/010tt.jpg,128,0.84375,83,77,0.3645188825671882,0.015625,0.12450690143095285,0.3046875,0.4620835004815935,0.8828125,1.0912760265586943,4.015625,1.640934892929834,3.203125,2.032644509201597,0.6484375,0.6015625,272,366,99552,
4,../img/tt/013tt.jpg,117,0.49572649572649574,63,66,0.5021322058350293,0.1452991452991453,0.3539179055636682,0.39316239316239315,0.49055325833510555,0.9658119658119658,1.569821118359888,4.170940170940171,1.7134890714894462,3.9316239316239314,1.9508022033675583,0.5384615384615384,0.5641025641025641,600,397,238200,HAHA
5,../img/tt/019tt.jpg,114,0.9298245614035088,86,109,0.2565702389853347,0.21052631578947367,0.40948238879709953,0.6929824561403509,0.46329319416573095,1.9736842105263157,1.7672563922735351,3.8947368421052633,1.6040238177817616,3.192982456140351,2.008288986813588,0.7543859649122807,0.956140350877193,400,400,160000,LAHA
6,../img/tt/020tt.jpg,104,0.5576923076923077,64,65,0.4990655943992427,0.028846153846153848,0.16818452471614478,0.25,0.4351096279669236,1.3173076923076923,1.5965036013321323,3.8173076923076925,1.6296072734163045,3.394230769230769,2.0165252688277335,0.6153846153846154,0.625,440,618,271920,
7,../img/tt/031tt.jpg,83,0.8072289156626506,64,73,0.3968728777642879,0.46987951807228917,0.5021259534339567,0.7590361445783133,0.43026825001424435,2.1204819277108435,1.8766705752049668,3.7590361445783134,1.7150009702463525,2.9036144578313254,2.0754926410862207,0.7710843373493976,0.8795180722891566,392,600,235200,
8,../img/tt/032tt.jpg,110,0.7636363636363637,89,86,0.4267924474038493,0.03636363636363636,0.18804999956202975,0.42727272727272725,0.4969464724666841,1.6363636363636365,1.3928208636786652,4.054545454545455,1.5787369451405218,3.8636363636363638,1.9883941827988967,0.8090909090909091,0.7818181818181819,400,400,160000,HAHA
9,../img/tt/036tt.jpg,110,1.0,80,108,0.0,0.19090909090909092,0.3948162862859095,0.9636363636363636,0.18804999956202978,1.3363636363636364,1.4855714171196224,4.363636363636363,1.6069075247695392,3.4727272727272727,1.9662710524093445,0.7272727272727273,0.9818181818181818,498,328,163344,
10,../img/tt/040tt.jpg,109,0.5596330275229358,81,77,0.49872416224822486,0.05504587155963303,0.22912322357199058,0.46788990825688076,0.5012725905032174,1.5963302752293578,1.656185186321185,4.2110091743119265,1.5639065195103272,3.743119266055046,2.0700852984964913,0.7431192660550459,0.7064220183486238,388,600,232800,
11,../img/tt/044tt.jpg,106,0.8113207547169812,84,83,0.39311230788765483,0.0660377358490566,0.24952785604696764,0.5660377358490566,0.497974333332233,1.8396226415094339,1.562274242450837,4.09433962264151,1.5707341437126203,4.0754716981132075,1.9552036221205404,0.7924528301886793,0.7830188679245284,604,411,248244,HAHA
12,../img/tt/046tt.jpg,61,0.639344262295082,45,49,0.4841758249935624,0.32786885245901637,0.47333256368751414,0.6721311475409836,0.473332563687514,2.0327868852459017,2.0733805979185624,3.7704918032786887,1.8201963504244152,3.0,1.8973665961010275,0.7377049180327869,0.8032786885245902,600,583,349800,
13,../img/tt/049tt.jpg,102,0.5490196078431373,76,63,0.5000485319098449,0.049019607843137254,0.21697519958623904,0.17647058823529413,0.38310262063612205,1.3627450980392157,1.3986500966280002,3.9411764705882355,1.6460184749980613,3.0686274509803924,1.8997644664931157,0.7450980392156863,0.6176470588235294,300,257,77100,
14,../img/tt/052tt.jpg,114,0.9736842105263158,98,104,0.1607794243313157,0.12280701754385964,0.32966464261046624,0.8771929824561403,0.3296646426104662,1.9912280701754386,1.4420708685780848,3.8157894736842106,1.5259744571197844,3.710526315789474,1.7280798296176707,0.8596491228070176,0.9122807017543859,517,344,177848,
15,../img/tt/053tt.jpg,105,0.9047619047619048,78,96,0.2949514146369483,0.3047619047619048,0.4625142310452878,0.7142857142857143,0.45392064950160194,1.6476190476190475,1.675507686441935,3.9047619047619047,1.678620138019787,3.447619047619048,1.8396328667016917,0.7428571428571429,0.9142857142857143,640,480,307200,NAHA
16,../img/tt/055tt.jpg,123,0.7967479674796748,82,102,0.40406438363568253,0.3252032520325203,0.47036670311489265,0.7154471544715447,0.45304661221578213,1.6260162601626016,1.8878314994260599,3.7642276422764227,1.6989934378485962,3.008130081300813,1.888255049107811,0.6666666666666666,0.8292682926829268,286,318,90948,
17,../img/tt/056tt.jpg,123,0.5934959349593496,82,94,0.49318965816181315,0.06504065040650407,0.24760615866615587,0.34146341463414637,0.4761400175090207,1.5934959349593496,1.5932099692541724,3.9430894308943087,1.7192297789766686,3.138211382113821,1.843576367771026,0.6666666666666666,0.7642276422764228,276,300,82800,
18,../img/tt/060tt.jpg,118,0.8305084745762712,91,92,0.37678543046584007,0.19491525423728814,0.39782473863662915,0.6610169491525424,0.4753826885415283,1.3305084745762712,1.274705159445631,3.788135593220339,1.7189327583158054,3.3728813559322033,1.8200996035931258,0.7711864406779662,0.7796610169491526,600,450,270000,
19,../img/tt/063tt.jpg,114,0.9912280701754386,100,111,0.0936585811581694,0.2807017543859649,0.451325911514035,0.8421052631578947,0.3662521827757252,2.587719298245614,1.8616359895740573,3.517543859649123,1.7408799328320101,3.192982456140351,2.051881040654946,0.8771929824561403,0.9736842105263158,300,265,79500,
20,../img/tt/064tt.jpg,118,0.7711864406779662,90,98,0.42186028693741157,0.3305084745762712,0.4724022034325301,0.6610169491525424,0.4753826885415282,1.9576271186440677,1.85543354436339,3.9745762711864407,1.5930504222965258,3.2288135593220337,1.9454571978155988,0.7627118644067796,0.8305084745762712,300,256,76800,
21,../img/tt/076tt.jpg,110,0.9727272727272728,104,107,0.16362246257329338,0.8363636363636363,0.3716383940247039,0.9090909090909091,0.28879549112895386,3.190909090909091,1.7425882602814484,3.1545454545454548,1.7303887437038379,1.7181818181818183,1.697984872485419,0.9454545454545454,0.9727272727272728,262,300,78600,
22,../img/tt/078tt.jpg,130,0.9615384615384616,108,123,0.19305163199975756,0.5692307692307692,0.4970995180332215,0.9076923076923077,0.2905795824534465,2.4076923076923076,1.9277498384062315,3.8461538461538463,1.5674080637037022,2.223076923076923,1.8729630159598052,0.8307692307692308,0.9461538461538461,438,640,280320,
23,../img/tt/079tt.jpg,100,0.84,87,90,0.3684529491774707,0.78,0.41633319989322654,0.9,0.30151134457776363,3.56,1.9349000966040557,3.26,1.8942763336648714,1.83,1.8697755496477662,0.87,0.9,600,481,288600,
24,../img/tt/080tt.jpg,117,0.9401709401709402,95,108,0.23818995211002797,0.23076923076923078,0.4231372033255835,0.8547008547008547,0.35391790556366826,1.452991452991453,1.3228478063979379,3.948717948717949,1.6652956341357585,3.9914529914529915,1.616166849186394,0.811965811965812,0.9230769230769231,400,400,160000,HAHA
25,../img/tt/081tt.jpg,103,0.9320388349514563,95,98,0.252909963143908,0.5048543689320388,0.5024213216674024,0.8446601941747572,0.3639996108971757,2.5242718446601944,1.862133818163594,3.7184466019417477,1.7400556432851615,2.8349514563106797,1.9708517486780852,0.9223300970873787,0.9514563106796117,400,400,160000,
26,../img/tt/082tt.jpg,106,0.7169811320754716,81,88,0.452605514793582,0.39622641509433965,0.491436093467161,0.6320754716981132,0.4845316186668014,2.1792452830188678,2.0180007542181833,3.7735849056603774,1.628806275527745,3.2169811320754715,2.074813666819641,0.7641509433962265,0.8301886792452831,400,400,160000,NAHA
27,../img/tt/084tt.jpg,102,0.7843137254901961,91,89,0.4133286990678387,0.45098039215686275,0.5000485319098449,0.7254901960784313,0.44847072920363085,3.156862745098039,1.9637562412463452,3.3137254901960786,1.652962489957108,2.735294117647059,1.7401858930416867,0.8921568627450981,0.8725490196078431,400,400,160000,
28,../img/tt/085tt.jpg,122,0.9262295081967213,94,100,0.26247495864455067,0.19672131147540983,0.39915912157365996,0.6065573770491803,0.4905280852976623,1.3770491803278688,1.4789312024883163,4.040983606557377,1.4281557256085693,3.2295081967213113,1.9361155848201572,0.7704918032786885,0.819672131147541,580,580,336400,
29,../img/tt/091tt.jpg,120,0.5666666666666667,82,67,0.4976133515281193,0.075,0.26449571488641793,0.3,0.46017899330842227,1.1083333333333334,1.3890074645928576,3.808333333333333,1.7359076444730734,3.225,1.889655608656702,0.6833333333333333,0.5583333333333333,450,337,151650,
30,../img/tt/094tt.jpg,118,0.6610169491525424,89,86,0.47538268854152843,0.2627118644067797,0.4419839905383688,0.4406779661016949,0.4985855700092703,1.7033898305084745,1.7409562262664848,3.9491525423728815,1.7630948780997333,2.9661016949152543,1.9738989287759248,0.7542372881355932,0.7288135593220338,400,400,160000,
31,../img/tt/096tt.jpg,126,0.9920634920634921,111,117,0.08908708063747478,0.5952380952380952,0.49280538030458115,0.9206349206349206,0.2713867971195239,3.246031746031746,2.057907706138477,3.2936507936507935,1.859322286501016,2.5317460317460316,1.9460175042851302,0.8809523809523809,0.9285714285714286,400,400,160000,
32,../img/tt/098tt.jpg,117,0.3504273504273504,57,54,0.47915585464294275,0.06837606837606838,0.2534756917712068,0.28205128205128205,0.4519336586604706,0.717948717948718,1.1359801619667322,3.871794871794872,1.7885577966737445,2.735042735042735,1.984392386779816,0.48717948717948717,0.46153846153846156,469,418,196042,LAHA
33,../img/tt/1002tt.jpg,98,0.7244897959183674,81,82,0.44906804400026723,0.30612244897959184,0.46325080079725883,0.6428571428571429,0.48162097430095174,2.1122448979591835,1.866043021466384,3.5918367346938775,1.704068719234575,3.1020408163265305,2.0633762539408953,0.826530612244898,0.8367346938775511,640,427,273280,
34,../img/tt/1004tt.jpg,114,0.49122807017543857,83,77,0.5021302238294052,0.06140350877192982,0.24112889804895896,0.24561403508771928,0.4323511255108245,1.6228070175438596,1.5875084885965953,4.043859649122807,1.5706959782954508,3.43859649122807,1.7601040180409404,0.7280701754385965,0.6754385964912281,640,398,254720,
35,../img/tt/1006tt.jpg,99,0.7272727272727273,83,81,0.44762825817179436,0.2727272727272727,0.44762825817179436,0.5656565656565656,0.49819298288539576,1.8888888888888888,1.683587574253684,3.8282828282828283,1.7204674497712913,3.101010101010101,2.0726348679435302,0.8383838383838383,0.8181818181818182,640,425,272000,
36,../img/tt/1012tt.jpg,116,0.7155172413793104,75,84,0.4531250807785691,0.19827586206896552,0.4004308024942723,0.6293103448275862,0.4850848856920164,1.2586206896551724,1.4271935955645225,4.0,1.6628942814575884,3.7586206896551726,1.8397574965676624,0.646551724137931,0.7241379310344828,640,427,273280,
37,../img/tt/1024tt.jpg,121,0.8016528925619835,88,111,0.4004130099190043,0.2644628099173554,0.4428806280350329,0.8016528925619835,0.4004130099190043,1.9586776859504131,1.8991080986210171,3.8925619834710745,1.6268663789248436,3.12396694214876,2.0230762381988323,0.7272727272727273,0.9173553719008265,640,428,273920,
38,../img/tt/1027tt.jpg,109,0.8807339449541285,102,105,0.3255983279316493,0.6330275229357798,0.4842051611913724,0.8899082568807339,0.31444982939885724,2.889908256880734,1.9452670460361365,3.5596330275229358,1.6579281618967068,2.596330275229358,1.9154308385623493,0.9357798165137615,0.963302752293578,640,426,272640,
39,../img/tt/1033tt.jpg,133,0.849624060150376,113,112,0.3587909115412518,0.14285714285714285,0.3512500866571045,0.5714285714285714,0.4967426363352021,2.0150375939849625,1.7055389373326555,4.052631578947368,1.59219587968888,3.781954887218045,1.8271452558097856,0.849624060150376,0.8421052631578947,640,426,272640,HAHA
40,../img/tt/1037tt.jpg,59,0.4576271186440678,45,38,0.5024777880939232,0.22033898305084745,0.4180330217186483,0.3728813559322034,0.4877218358133704,1.6610169491525424,1.7773495328091033,4.016949152542373,1.6451760771893582,3.169491525423729,2.1508021147925045,0.7627118644067796,0.6440677966101694,640,459,293760,LAHA
41,../img/tt/1040tt.jpg,121,0.5619834710743802,74,79,0.4982061484879373,0.05785123966942149,0.23443267196777504,0.256198347107438,0.4383477618633162,1.2892561983471074,1.5886997646341992,4.132231404958677,1.642874253457086,4.24793388429752,1.6895807751014111,0.6115702479338843,0.6528925619834711,640,424,271360,HAHA
42,../img/tt/1043tt.jpg,112,0.7767857142857143,70,78,0.4182723245108832,0.09821428571428571,0.29894171984878903,0.44642857142857145,0.499356084729624,1.0803571428571428,1.3365168718640812,4.223214285714286,1.6963650668869716,3.1785714285714284,1.9783252800717364,0.625,0.6964285714285714,640,427,273280,LAHA
43,../img/tt/1044tt.jpg,119,0.6974789915966386,75,78,0.46129188246282093,0.13445378151260504,0.34258166780628374,0.4957983193277311,0.5020964452534338,1.2521008403361344,1.5849850953421973,4.084033613445378,1.7053248208547462,3.6470588235294117,1.9379713108287269,0.6302521008403361,0.6554621848739496,375,500,187500,
44,../img/tt/1046tt.jpg,126,0.8174603174603174,85,103,0.38783076001356365,0.07142857142857142,0.25856748221140036,0.6746031746031746,0.470393283614723,1.119047619047619,1.2496856747655734,3.888888888888889,1.7718791029738898,3.0476190476190474,1.7971405859626803,0.6746031746031746,0.8174603174603174,640,480,307200,LAHA
45,../img/tt/1048tt.jpg,109,0.5688073394495413,75,66,0.4975304285699932,0.0,0.0,0.25688073394495414,0.4389311454644289,1.238532110091743,1.3669314280723768,3.9174311926605503,1.6784496835261766,3.403669724770642,2.0189806102890318,0.6880733944954128,0.6055045871559633,640,360,230400,
46,../img/tt/1049tt.jpg,78,0.47435897435897434,52,42,0.5025741264537527,0.07692307692307693,0.2681940937606045,0.20512820512820512,0.40640886452950936,1.0769230769230769,1.3169152342750594,3.91025641025641,1.6529069036401398,3.282051282051282,1.9399922070899576,0.6666666666666666,0.5384615384615384,640,428,273920,
47,../img/tt/1053tt.jpg,107,0.7570093457943925,93,95,0.43090780643622734,0.4953271028037383,0.5023310149673529,0.7476635514018691,0.43639729916163605,2.607476635514019,1.9021190236442433,3.7009345794392523,1.7762317186452008,2.9065420560747666,1.9930668047782394,0.8691588785046729,0.8878504672897196,640,400,256000,
48,../img/tt/1055tt.jpg,103,0.9320388349514563,85,86,0.25290996314390796,0.009708737864077669,0.09853292781642932,0.5533980582524272,0.499571489708456,1.3689320388349515,1.1798162972836064,4.0,1.6026938107387803,3.4757281553398056,1.6618242999208275,0.8252427184466019,0.8349514563106796,640,427,273280,
49,../img/tt/105tt.jpg,122,1.0,90,121,0.0,0.319672131147541,0.4682726027183074,0.9344262295081968,0.2485563247617214,1.9344262295081966,2.0153858803164852,3.9672131147540983,1.8892231392583638,3.0327868852459017,2.1317529597679643,0.7377049180327869,0.9918032786885246,430,364,156520,
50,../img/tt/1061tt.jpg,108,0.9074074074074074,94,97,0.2912120028412688,0.0,0.0,0.4537037037037037,0.5001730403235747,1.9444444444444444,1.4197099436108558,3.8333333333333335,1.5254844488680697,3.2314814814814814,1.688922022410952,0.8703703703703703,0.8981481481481481,640,480,307200,
51,../img/tt/1063tt.jpg,101,0.6831683168316832,90,90,0.46756161239577687,0.504950495049505,0.5024691508189856,0.6831683168316832,0.46756161239577687,2.366336633663366,1.5857034544783444,4.069306930693069,1.5248437673583106,3.366336633663366,1.8906230310520797,0.8910891089108911,0.8910891089108911,500,333,166500,NAHA
52,../img/tt/1066tt.jpg,106,0.9811320754716981,99,103,0.1367049011885994,0.6415094339622641,0.48183536499282803,0.9433962264150944,0.2321817301062861,3.358490566037736,1.8215047638345765,3.311320754716981,1.67538599701493,2.3962264150943398,2.0268636117481935,0.9339622641509434,0.9716981132075472,640,427,273280,
53,../img/tt/1069tt.jpg,118,0.7288135593220338,92,94,0.4464679418081846,0.2288135593220339,0.4218602869374117,0.4576271186440678,0.5003258390700999,2.1186440677966103,1.948786567560614,3.847457627118644,1.762026410369256,3.152542372881356,1.9198785513764525,0.7796610169491526,0.7966101694915254,640,494,316160,LAHA
54,../img/tt/1070tt.jpg,115,0.9478260869565217,104,109,0.22335080820097217,0.30434782608695654,0.46214437334604436,0.8869565217391304,0.31803170401663644,2.4434782608695653,1.6972180764665066,3.982608695652174,1.5671104748149056,3.0956521739130434,1.8014317553501242,0.9043478260869565,0.9478260869565217,500,380,190000,
55,../img/tt/1072tt.jpg,74,0.7972972972972973,54,59,0.4047569786593151,0.08108108108108109,0.2748228199711542,0.5135135135135135,0.5032291137352587,1.3918918918918919,1.5333513083203991,4.243243243243243,1.506250091214101,3.810810810810811,1.6190279146372606,0.7297297297297297,0.7972972972972973,640,480,307200,HAHA
56,../img/tt/1078tt.jpg,102,0.9019607843137255,94,93,0.29883615569715466,0.24509803921568626,0.4322695004117411,0.7156862745098039,0.4533145473285041,2.823529411764706,1.708521245305728,3.5294117647058822,1.6810291658665186,3.372549019607843,1.779540315698706,0.9215686274509803,0.9117647058823529,640,427,273280,
57,../img/tt/1080tt.jpg,93,0.5483870967741935,54,53,0.5003505082799905,0.053763440860215055,0.22677279367959727,0.3333333333333333,0.4739595775584879,1.096774193548387,1.4526176980603305,3.956989247311828,1.8351281112406659,3.4193548387096775,2.163544699376271,0.5806451612903226,0.5698924731182796,640,427,273280,
58,../img/tt/1084tt.jpg,122,0.9098360655737705,104,112,0.28759758273952074,0.2786885245901639,0.4502028024549615,0.860655737704918,0.3477334823091857,1.9754098360655739,1.727096233825489,3.877049180327869,1.5079835414213476,3.0901639344262297,1.8136493431326657,0.8524590163934426,0.9180327868852459,640,427,273280,
59,../img/tt/1086tt.jpg,64,0.84375,49,59,0.3659625273556999,0.34375,0.47871355387816905,0.84375,0.36596252735569995,2.140625,1.80710403685012,4.09375,1.5808250809333515,3.390625,1.8310998299660202,0.765625,0.921875,500,375,187500,NAHA
60,../img/tt/1087tt.jpg,96,0.9270833333333334,79,90,0.26136450315368365,0.22916666666666666,0.4225029845217955,0.6666666666666666,0.4738791022072738,2.1875,1.7729695577283835,4.114583333333333,1.5208708839392104,3.3541666666666665,1.7470526558910986,0.8229166666666666,0.9375,640,480,307200,
61,../img/tt/1089tt.jpg,105,0.7904761904761904,90,90,0.40892067350051803,0.38095238095238093,0.4879500364742665,0.6761904761904762,0.4701725970984177,2.638095238095238,1.9617682835989572,3.742857142857143,1.6468417993504756,3.2285714285714286,2.0108223674423833,0.8571428571428571,0.8571428571428571,640,480,307200,NAHA
62,../img/tt/108tt.jpg,102,0.5392156862745098,62,63,0.5009213022408144,0.08823529411764706,0.28503747109829375,0.39215686274509803,0.49064239049278646,0.9411764705882353,1.1416813154184222,4.215686274509804,1.532663836350062,3.480392156862745,1.9022154470686512,0.6078431372549019,0.6176470588235294,600,455,273000,
63,../img/tt/1091tt.jpg,89,0.9775280898876404,83,89,0.1490521636791844,0.7415730337078652,0.44025018423516993,0.9550561797752809,0.20835461246451933,3.640449438202247,1.9785623282118256,3.2808988764044944,1.8089974875915007,2.4719101123595504,2.153696017845355,0.9325842696629213,1.0,640,427,273280,
64,../img/tt/1096tt.jpg,106,0.9056603773584906,87,90,0.293689239285741,0.1320754716981132,0.3401812317577964,0.6792452830188679,0.4689841059611772,1.9150943396226414,1.556050706287904,4.10377358490566,1.2793543407517554,3.3962264150943398,1.8448344629985174,0.8207547169811321,0.8490566037735849,640,480,307200,
65,../img/tt/1097tt.jpg,121,0.9090909090909091,118,116,0.28867513459481287,0.2396694214876033,0.4286566883577453,0.6942148760330579,0.4626549327272535,3.1487603305785123,1.7448073295008506,3.84297520661157,1.678333818914908,3.487603305785124,1.9197035469022243,0.9752066115702479,0.9586776859504132,640,480,307200,
66,../img/tt/1101tt.jpg,116,0.9396551724137931,115,114,0.23915769232684206,0.28448275862068967,0.45312508077856894,0.7586206896551724,0.42977627456260503,2.9051724137931036,1.554675687001673,3.7672413793103448,1.4999000466447878,3.2758620689655173,1.722415931672475,0.9913793103448276,0.9827586206896551,640,427,273280,NAHA
67,../img/tt/1102tt.jpg,117,0.452991452991453,81,70,0.4999263134621303,0.0,0.0,0.20512820512820512,0.405532037478854,1.0683760683760684,1.4307370642464492,3.8205128205128207,1.6484861635147976,3.735042735042735,1.7974750604627476,0.6923076923076923,0.5982905982905983,640,426,272640,
68,../img/tt/1107tt.jpg,112,0.625,83,78,0.4862987625796374,0.35714285714285715,0.4813109511118893,0.5357142857142857,0.5009643210501631,2.0535714285714284,2.0082679809079966,3.9375,1.6179246521949595,3.3214285714285716,2.0366652027285066,0.7410714285714286,0.6964285714285714,640,426,272640,NAHA
69,../img/tt/1116tt.jpg,112,0.9196428571428571,100,100,0.27306709260845957,0.13392857142857142,0.3421062401311609,0.7053571428571429,0.45793096881601275,1.8214285714285714,1.3963548796086724,3.9732142857142856,1.4107682491348648,3.1875,1.7784052477501366,0.8928571428571429,0.8928571428571429,640,427,273280,LAHA
70,../img/tt/1118tt.jpg,111,0.5675675675675675,77,65,0.497660373815163,0.05405405405405406,0.22714984392918167,0.3783783783783784,0.48718213980649716,1.1441441441441442,1.3201022470513197,4.054054054054054,1.5126006373001062,3.4864864864864864,2.0309642352379633,0.6936936936936937,0.5855855855855856,640,427,273280,
71,../img/tt/111tt.jpg,123,1.0,100,119,0.0,0.2601626016260163,0.44051754908166124,0.9105691056910569,0.2865318361649869,2.3577235772357725,2.135300805395232,3.5284552845528454,1.9346927711876583,3.4146341463414633,2.2247741799875382,0.8130081300813008,0.967479674796748,400,400,160000,NAHA
72,../img/tt/1122tt.jpg,119,0.9327731092436975,114,112,0.2514733681008378,0.37815126050420167,0.4869760833346162,0.7226890756302521,0.44956419099923794,2.8739495798319328,1.815911882096144,3.6050420168067228,1.6985461749358237,2.9327731092436973,1.880908058904108,0.957983193277311,0.9411764705882353,640,427,273280,
73,../img/tt/1123tt.jpg,119,0.9411764705882353,112,111,0.23628902321631962,0.12605042016806722,0.3333095941791294,0.24369747899159663,0.4311275432547922,2.764705882352941,1.555231098163202,3.6050420168067228,1.5688627393210013,3.226890756302521,1.5373153729021536,0.9411764705882353,0.9327731092436975,640,417,266880,
74,../img/tt/1125tt.jpg,100,0.42,68,67,0.4960449637488582,0.04,0.19694638556693236,0.28,0.451260859854213,1.45,1.5398740601789878,3.96,1.6200760675494421,3.51,1.8667478337331675,0.68,0.67,429,285,122265,
75,../img/tt/1126tt.jpg,104,0.9326923076923077,76,92,0.2517674638681178,0.3557692307692308,0.48106413658688185,0.7980769230769231,0.40337911754575734,2.0865384615384617,1.990806915113475,4.009615384615385,1.698058241752142,3.3173076923076925,1.9817831682011773,0.7307692307692307,0.8846153846153846,519,389,201891,NAHA
76,../img/tt/1127tt.jpg,110,0.9181818181818182,100,97,0.2753419286052163,0.06363636363636363,0.24522121551186035,0.5818181818181818,0.4955178586996051,2.418181818181818,1.5819034996595704,3.790909090909091,1.4595176691366576,3.727272727272727,1.7021793419300475,0.9090909090909091,0.8818181818181818,734,489,358926,
77,../img/tt/1128tt.jpg,117,0.8376068376068376,89,98,0.37039738579142256,0.008547008547008548,0.09245003270420483,0.3247863247863248,0.47030913951137293,1.8547008547008548,1.6255765940702145,4.05982905982906,1.493033236867025,3.641025641025641,1.9094210101924765,0.7606837606837606,0.8376068376068376,673,449,302177,
78,../img/tt/112tt.jpg,115,0.9652173913043478,91,104,0.1840306411657359,0.16521739130434782,0.3730019232961255,0.8608695652173913,0.34759717868101614,2.0521739130434784,1.9369150651200324,3.765217391304348,1.8031669741144314,3.652173913043478,2.047863577645453,0.7913043478260869,0.9043478260869565,400,400,160000,
79,../img/tt/1130tt.jpg,111,0.8288288288288288,101,105,0.3783666781857821,0.5135135135135135,0.5020841085798794,0.8108108108108109,0.3934350706166836,3.1531531531531534,1.9173760393649644,3.099099099099099,1.8827202512947978,2.810810810810811,2.0159072557739517,0.9099099099099099,0.9459459459459459,551,367,202217,
80,../img/tt/1142tt.jpg,109,0.926605504587156,102,105,0.2619874897475713,0.21100917431192662,0.40990953146898973,0.6238532110091743,0.48665507645422534,3.1376146788990824,1.6967719346750918,3.4862385321100917,1.602166813453318,3.311926605504587,1.7357741772947797,0.9357798165137615,0.963302752293578,413,474,195762,
81,../img/tt/1143tt.jpg,120,0.9,92,109,0.3012578671520604,0.4,0.49195203701447265,0.775,0.41933320418785575,2.2416666666666667,1.9532168395774607,3.625,1.7919638539271694,2.7666666666666666,1.9649591409925822,0.7666666666666667,0.9083333333333333,489,326,159414,
82,../img/tt/1146tt.jpg,119,0.865546218487395,100,97,0.34258166780628363,0.12605042016806722,0.33330959417912925,0.5294117647058824,0.5012447119086155,1.9327731092436975,1.5983629996320594,4.084033613445378,1.458928280510773,3.3781512605042017,1.9527971968897848,0.8403361344537815,0.8151260504201681,551,367,202217,
83,../img/tt/1148tt.jpg,123,0.6666666666666666,95,99,0.473332563687514,0.04878048780487805,0.2162898228881932,0.5040650406504065,0.5020284058947295,1.886178861788618,1.6556077188047615,4.048780487804878,1.603549641083628,4.1138211382113825,1.5587050743260704,0.7723577235772358,0.8048780487804879,600,337,202200,HAHA
84,../img/tt/1151tt.jpg,107,0.6822429906542056,65,67,0.4677955294566749,0.07476635514018691,0.2642516874667833,0.2803738317757009,0.45129567188231184,0.8037383177570093,1.059006764427312,4.4953271028037385,1.4690121939441554,3.4766355140186915,1.8137098142825845,0.6074766355140186,0.6261682242990654,624,468,292032,
85,../img/tt/1154tt.jpg,125,0.72,90,98,0.4508057302781464,0.296,0.4583279569577142,0.648,0.4795158848995179,1.512,1.5219681654930213,4.04,1.5780755940845042,3.4,1.896516330946925,0.72,0.784,624,468,292032,NAHA
86,../img/tt/1156tt.jpg,114,0.8508771929824561,90,100,0.35778215897462873,0.15789473684210525,0.3662521827757252,0.34210526315789475,0.4765091975715518,2.1315789473684212,1.8932257339136467,3.587719298245614,1.7889107948731438,3.456140350877193,1.8248062129005875,0.7894736842105263,0.8771929824561403,734,489,358926,
87,../img/tt/1159tt.jpg,118,0.8559322033898306,97,105,0.3526559478961847,0.2033898305084746,0.40423658203417434,0.7288135593220338,0.4464679418081846,1.8389830508474576,1.5301546705969264,3.9152542372881354,1.550165533958938,3.2711864406779663,1.8520536854615384,0.8220338983050848,0.8898305084745762,462,462,213444,
88,../img/tt/1161tt.jpg,91,0.7802197802197802,73,76,0.41639185076340457,0.3626373626373626,0.483424899751382,0.6813186813186813,0.4685467100898474,1.8681318681318682,1.5720389534952597,4.010989010989011,1.6431305182114717,3.5714285714285716,1.7835224643811978,0.8021978021978022,0.8351648351648352,624,468,292032,NAHA
89,../img/tt/1171tt.jpg,109,0.7706422018348624,72,64,0.4223616916493312,0.03669724770642202,0.18888589072394202,0.29357798165137616,0.4575043471474905,1.0275229357798166,1.1663389666461579,4.009174311926605,1.6414504248108712,3.467889908256881,1.9272356298472608,0.6605504587155964,0.5871559633027523,290,435,126150,
90,../img/tt/1173tt.jpg,104,1.0,103,100,0.0,0.0,0.0,0.20192307692307693,0.4033791175457575,3.2596153846153846,1.4942946013049672,3.548076923076923,1.642161774916304,3.1153846153846154,1.6328407095224065,0.9903846153846154,0.9615384615384616,325,490,159250,LAHA
91,../img/tt/1175tt.jpg,117,0.4017094017094017,66,55,0.49235235945318845,0.008547008547008548,0.09245003270420486,0.20512820512820512,0.405532037478854,1.1282051282051282,1.374261315928027,4.222222222222222,1.6769795873529487,3.6923076923076925,1.9890282606716936,0.5641025641025641,0.4700854700854701,404,303,122412,
92,../img/tt/1181tt.jpg,116,0.8189655172413793,96,102,0.38671724151834275,0.04310344827586207,0.2039710712357257,0.603448275862069,0.4913036844405174,1.8620689655172413,1.4135773411986432,3.8448275862068964,1.6397425475326628,3.4827586206896552,1.6496785384916117,0.8275862068965517,0.8793103448275862,613,407,249491,
93,../img/tt/1186tt.jpg,134,0.8134328358208955,115,120,0.3910254582362766,0.20149253731343283,0.4026201916706142,0.6194029850746269,0.487355548205786,2.208955223880597,1.5171928315825867,3.7686567164179103,1.53610276865085,3.1641791044776117,1.6277390096295745,0.8582089552238806,0.8955223880597015,734,489,358926,LAHA
94,../img/tt/1188tt.jpg,99,0.7272727272727273,75,82,0.4476282581717944,0.09090909090909091,0.28894279819853236,0.25252525252525254,0.43667188315653716,1.9494949494949494,1.831547451979277,3.7676767676767677,1.5703131289733843,3.313131313131313,1.8162894708070583,0.7575757575757576,0.8282828282828283,318,478,152004,
95,../img/tt/1189tt.jpg,105,0.6761904761904762,62,70,0.47017259709841763,0.14285714285714285,0.35160542320387156,0.5047619047619047,0.5023753102820167,1.0666666666666667,1.5271055242029876,3.780952380952381,1.9805834046337512,3.4095238095238094,1.993717237952369,0.5904761904761905,0.6666666666666666,414,295,122130,
96,../img/tt/118tt.jpg,107,0.9345794392523364,79,93,0.24843009105039032,0.1308411214953271,0.33881347207439627,0.7757009345794392,0.4190828083829462,1.3271028037383177,1.3720642823833236,4.02803738317757,1.5868441680529486,3.560747663551402,1.8942692626707551,0.7383177570093458,0.8691588785046729,400,400,160000,
97,../img/tt/1190tt.jpg,104,0.38461538461538464,71,46,0.4888602220003378,0.009615384615384616,0.09805806756909201,0.11538461538461539,0.3210326876770217,1.2115384615384615,1.4188267881658523,4.25,1.5933721948924273,3.5288461538461537,1.9306255878775633,0.6826923076923077,0.4423076923076923,500,334,167000,
98,../img/tt/1191tt.jpg,98,0.9489795918367347,88,90,0.22117068930131153,0.01020408163265306,0.10101525445522107,0.5714285714285714,0.4974160033738069,2.1530612244897958,1.3799151387050406,4.23469387755102,1.4699815582556173,3.795918367346939,1.8217425875032616,0.8979591836734694,0.9183673469387755,673,449,302177,HAHA
99,../img/tt/1196tt.jpg,104,0.6923076923076923,59,71,0.4637735276929867,0.019230769230769232,0.1380002272946792,0.3076923076923077,0.46377352769298685,0.9711538461538461,1.3614436282125666,4.278846153846154,1.657326955158741,3.673076923076923,1.7595360580722577,0.5673076923076923,0.6826923076923077,299,409,122291,
100,../img/tt/1199tt.jpg,109,0.7889908256880734,92,95,0.40990953146898984,0.1834862385321101,0.3888524811849389,0.5963302752293578,0.49289894642790466,2.146788990825688,1.7095899880629517,3.981651376146789,1.6385497843686567,3.6422018348623855,1.9222042506215908,0.8440366972477065,0.8715596330275229,489,326,159414,
101,../img/tt/1200tt.jpg,122,0.7622950819672131,93,98,0.42743282664990445,0.3770491803278688,0.4866459478440579,0.6147540983606558,0.488660190733661,1.7540983606557377,1.7359184360710918,3.778688524590164,1.6935087302806109,3.2295081967213113,1.8398117279078137,0.7622950819672131,0.8032786885245902,734,489,358926,NAHA
102,../img/tt/1202tt.jpg,108,0.5462962962962963,55,61,0.5001730403235747,0.037037037037037035,0.18973301093343714,0.2222222222222222,0.41767790061294374,0.8055555555555556,1.1717734249852048,3.9814814814814814,1.7074957422887564,3.1944444444444446,2.0482877888723583,0.5092592592592593,0.5648148148148148,743,499,370757,LAHA
103,../img/tt/1205tt.jpg,109,0.5045871559633027,65,68,0.5022883414749455,0.01834862385321101,0.1348285177101028,0.1926605504587156,0.3962103869715414,1.128440366972477,1.4851170139157677,4.036697247706422,1.6211941500965172,3.2018348623853212,1.8697386255925237,0.5963302752293578,0.6238532110091743,530,332,175960,
104,../img/tt/1211tt.jpg,120,0.5583333333333333,83,78,0.4986676927444918,0.08333333333333333,0.27754425291281026,0.35,0.47896948201934775,1.3916666666666666,1.5572861188691085,4.0,1.6347075908440094,3.9166666666666665,1.8406398838645297,0.6916666666666667,0.65,500,375,187500,HAHA
105,../img/tt/1217tt.jpg,127,0.7322834645669292,99,99,0.4445225528165076,0.11023622047244094,0.3144243027657512,0.2992125984251969,0.459726637717809,1.968503937007874,1.8684388181173794,3.661417322834646,1.8353688805343868,3.0,1.9354668031334832,0.7795275590551181,0.7795275590551181,500,365,182500,LAHA
106,../img/tt/121tt.jpg,112,0.7589285714285714,95,87,0.4296559636549307,0.3125,0.4655956177621083,0.5982142857142857,0.49246249097703365,2.2589285714285716,1.971625458804727,3.6964285714285716,1.6485827148872354,3.0,2.1053342804486967,0.8482142857142857,0.7767857142857143,400,400,160000,
107,../img/tt/1224tt.jpg,110,0.9272727272727272,98,98,0.2608768175370774,0.05454545454545454,0.22813015906399162,0.5636363636363636,0.4982036120227625,2.2,1.4513517900042785,4.0,1.5680292077414486,3.790909090909091,1.7509916170661306,0.8909090909090909,0.8909090909090909,500,332,166000,HAHA
108,../img/tt/1226tt.jpg,121,0.8677685950413223,105,113,0.3401506715249038,0.4793388429752066,0.5016501695025962,0.7272727272727273,0.44721359549995804,2.396694214876033,1.800367271989131,3.4958677685950414,1.7754059016750168,3.12396694214876,1.810019557600987,0.8677685950413223,0.9338842975206612,500,483,241500,
109,../img/tt/1227tt.jpg,111,0.7837837837837838,66,86,0.41353037495130984,0.34234234234234234,0.47664538935232265,0.6576576576576577,0.4766453893523225,1.5585585585585586,1.812505471764453,3.810810810810811,1.8854153799073443,2.864864864864865,2.0953909875398886,0.5945945945945946,0.7747747747747747,500,333,166500,
110,../img/tt/1228tt.jpg,103,0.8252427184466019,92,78,0.3816163884860883,0.06796116504854369,0.2529099631439079,0.4077669902912621,0.4938224894195677,2.0388349514563107,1.6681698912932703,3.4854368932038833,1.7760060814565484,3.3398058252427183,1.9531442627072186,0.8932038834951457,0.7572815533980582,500,375,187500,
111,../img/tt/1232tt.jpg,102,0.803921568627451,75,81,0.39898921016390654,0.19607843137254902,0.3989892101639066,0.6372549019607843,0.48316644706538997,1.9019607843137254,1.9625695619711463,3.735294117647059,1.8016849681671625,3.4313725490196076,1.9726335812744487,0.7352941176470589,0.7941176470588235,500,375,187500,
112,../img/tt/1234tt.jpg,103,0.7475728155339806,87,84,0.436529239007723,0.1941747572815534,0.3974983642137871,0.5533980582524272,0.4995714897084561,2.116504854368932,1.6526922235433057,4.009708737864078,1.517836086315944,3.5145631067961167,1.7760060814565493,0.8446601941747572,0.8155339805825242,500,332,166000,
113,../img/tt/1235tt.jpg,99,0.47474747474747475,75,71,0.5019032011607366,0.08080808080808081,0.27392713453777273,0.23232323232323232,0.4244632343465031,1.5757575757575757,1.378337575212634,4.202020202020202,1.3849025456010269,3.6363636363636362,1.8264191879447507,0.7575757575757576,0.7171717171717171,416,500,208000,
114,../img/tt/1236tt.jpg,99,0.5454545454545454,68,66,0.500463606960979,0.1414141414141414,0.3502215336827858,0.5050505050505051,0.5025189076296062,1.2727272727272727,1.627682600923979,4.0,1.609918238512092,3.505050505050505,1.7978089690676113,0.6868686868686869,0.6666666666666666,500,397,198500,
115,../img/tt/1237tt.jpg,84,0.8214285714285714,74,79,0.38529332545960066,0.5714285714285714,0.49784388818701336,0.7738095238095238,0.4208766088869804,3.142857142857143,2.112172735855887,3.2738095238095237,1.8779070025615352,2.369047619047619,2.0871365171158796,0.8809523809523809,0.9404761904761905,500,375,187500,
116,../img/tt/1239tt.jpg,70,0.6,54,58,0.4934351637951691,0.5428571428571428,0.5017567482042767,0.7571428571428571,0.4319055950832105,3.0285714285714285,2.3833445539703146,3.7285714285714286,1.817159980126885,2.8,2.1373151246432953,0.7714285714285715,0.8285714285714286,500,363,181500,
117,../img/tt/123tt.jpg,116,0.9741379310344828,100,110,0.15941233908663865,0.20689655172413793,0.40683810217248617,0.45689655172413796,0.500299760218774,1.8275862068965518,1.5224457558350872,3.6120689655172415,1.6721324667940471,2.793103448275862,1.8767096153933207,0.8620689655172413,0.9482758620689655,400,400,160000,LAHA
118,../img/tt/1241tt.jpg,107,0.6822429906542056,81,86,0.4677955294566751,0.018691588785046728,0.13607076483136107,0.411214953271028,0.4943696391887843,1.766355140186916,1.575636674265158,3.822429906542056,1.5830057635394283,3.514018691588785,1.7448819281096226,0.7570093457943925,0.8037383177570093,500,334,167000,
119,../img/tt/1242tt.jpg,97,0.6907216494845361,69,75,0.46459715395589485,0.25773195876288657,0.43965778632041186,0.5463917525773195,0.5004293689069467,1.8969072164948453,1.9657724101189533,3.979381443298969,1.689300776475895,3.185567010309278,2.0833161511318945,0.711340206185567,0.7731958762886598,332,500,166000,
120,../img/tt/1243tt.jpg,120,0.9,110,105,0.3012578671520603,0.08333333333333333,0.2775442529128102,0.36666666666666664,0.4839149403229736,2.25,1.5943703480442328,3.975,1.440486029088793,3.941666666666667,1.731059972228282,0.9166666666666666,0.875,500,432,216000,HAHA
121,../img/tt/1247tt.jpg,120,0.5,85,81,0.5020964452534338,0.3,0.4601789933084222,0.49166666666666664,0.5020267047926136,1.5166666666666666,1.6139274781606217,3.95,1.5440316102481122,3.591666666666667,1.8808894433323866,0.7083333333333334,0.675,500,366,183000,NAHA
122,../img/tt/124tt.jpg,109,0.926605504587156,106,104,0.2619874897475713,0.5045871559633027,0.5022883414749455,0.7614678899082569,0.4281545794065533,3.4954128440366974,1.8886790073478517,3.4311926605504586,1.6797650435186213,2.532110091743119,1.9127680511230873,0.9724770642201835,0.9541284403669725,448,600,268800,
123,../img/tt/1250tt.jpg,102,0.8137254901960784,81,86,0.3912506516456217,0.16666666666666666,0.374518392609282,0.5098039215686274,0.5023725500008633,1.6862745098039216,1.448662012640826,4.088235294117647,1.6112410884404065,3.264705882352941,1.9797313078426033,0.7941176470588235,0.8431372549019608,500,500,250000,
124,../img/tt/1251tt.jpg,91,0.9230769230769231,68,83,0.26794565082283345,0.37362637362637363,0.4864463347893954,0.8351648351648352,0.3730873077365929,1.8461538461538463,1.8614395679036333,3.5714285714285716,1.7959389815349585,2.8241758241758244,1.9921702660019727,0.7472527472527473,0.9120879120879121,481,500,240500,
125,../img/tt/1254tt.jpg,112,0.7946428571428571,88,102,0.4057779283742859,0.4732142857142857,0.5015259853968825,0.8303571428571429,0.37700557639536925,1.9107142857142858,1.823537653926997,3.9375,1.629023086458942,2.9017857142857144,1.9542507212729592,0.7857142857142857,0.9107142857142857,500,375,187500,
126,../img/tt/1255tt.jpg,125,0.672,87,96,0.47137410661500784,0.376,0.486329239335101,0.656,0.4769526925888372,1.512,1.6925643838709317,4.128,1.5025569604360554,3.096,2.072959548645988,0.696,0.768,375,500,187500,
127,../img/tt/1260tt.jpg,108,0.5462962962962963,72,64,0.5001730403235748,0.12962962962962962,0.33746145761488444,0.39814814814814814,0.4917984317514383,1.212962962962963,1.5104058124363813,4.027777777777778,1.6881020329115917,3.5185185185185186,2.039247989857987,0.6666666666666666,0.5925925925925926,486,300,145800,
128,../img/tt/1261tt.jpg,111,0.8828828828828829,87,92,0.32301811766633826,0.0990990990990991,0.3001501125938321,0.6396396396396397,0.48228231627982454,1.864864864864865,1.5810611309352651,4.18018018018018,1.484453974902423,3.765765765765766,1.6839075495835973,0.7837837837837838,0.8288288288288288,500,375,187500,HAHA
129,../img/tt/1262tt.jpg,102,0.8725490196078431,80,97,0.3351242898575014,0.10784313725490197,0.3117139697107469,0.7549019607843137,0.43226950041174117,1.6666666666666667,1.3667431355890791,4.166666666666667,1.4697163013999197,3.5294117647058822,1.6573023670114648,0.7843137254901961,0.9509803921568627,500,333,166500,
130,../img/tt/1268tt.jpg,105,0.6571428571428571,57,72,0.4769408008050134,0.13333333333333333,0.34156502553198664,0.5333333333333333,0.5012804118276031,1.2857142857142858,1.6854255666327542,3.7523809523809524,1.9254417693937171,3.533333333333333,1.8295999282454884,0.5428571428571428,0.6857142857142857,500,390,195000,
131,../img/tt/1269tt.jpg,120,0.85,113,111,0.35856858280031817,0.26666666666666666,0.4440708046604965,0.675,0.47033869434159664,2.941666666666667,1.783659882665642,3.658333333333333,1.6009232280383812,2.9583333333333335,1.9890280272025322,0.9416666666666667,0.925,500,370,185000,
132,../img/tt/126tt.jpg,114,0.8245614035087719,88,96,0.3820210353075885,0.43859649122807015,0.49840609165616034,0.7192982456140351,0.4513259115140349,2.2280701754385963,2.137052339788717,3.6315789473684212,1.9699654455203053,2.6842105263157894,1.9611978887471475,0.7719298245614035,0.8421052631578947,400,400,160000,
133,../img/tt/1270tt.jpg,107,0.514018691588785,69,65,0.5021554668176736,0.018691588785046728,0.13607076483136107,0.11214953271028037,0.31703528771327644,1.5700934579439252,1.8383347136702555,3.9065420560747666,1.7403789994980539,3.4299065420560746,1.8688718700475189,0.6448598130841121,0.6074766355140186,374,364,136136,
134,../img/tt/1272tt.jpg,109,0.908256880733945,90,93,0.2899963091613704,0.13761467889908258,0.3460863173281979,0.5321100917431193,0.5012725905032175,1.614678899082569,1.5806014846718712,4.064220183486238,1.6681950178971898,3.8256880733944953,1.824950718245045,0.8256880733944955,0.8532110091743119,500,333,166500,HAHA
135,../img/tt/1275tt.jpg,97,0.9278350515463918,78,88,0.26010505411325197,0.32989690721649484,0.4726179192482038,0.7319587628865979,0.44524019541717064,2.2371134020618557,1.8414961980473052,3.917525773195876,1.8066434294291873,3.134020618556701,2.220308096016657,0.8041237113402062,0.9072164948453608,375,500,187500,
136,../img/tt/1276tt.jpg,107,0.5981308411214953,59,68,0.49258297039087445,0.08411214953271028,0.2788620855826847,0.3364485981308411,0.47471789504935624,0.897196261682243,1.1730831770864554,4.168224299065421,1.6396386009325763,3.2429906542056073,1.932058836828847,0.5514018691588785,0.6355140186915887,500,333,166500,
137,../img/tt/1278tt.jpg,112,0.4017857142857143,62,56,0.49246249097703365,0.044642857142857144,0.2074466329784736,0.16964285714285715,0.3770055763953693,0.9821428571428571,1.3219024159997583,4.080357142857143,1.7092139959386259,3.5892857142857144,1.9198046608053478,0.5535714285714286,0.5,500,353,176500,
138,../img/tt/1279tt.jpg,111,0.36036036036036034,59,50,0.48228231627982454,0.09009009009009009,0.2876092535352135,0.1981981981981982,0.40045019710366025,0.990990990990991,1.2897885344328595,4.108108108108108,1.6643390790414587,3.036036036036036,1.8729069671984533,0.5315315315315315,0.45045045045045046,500,381,190500,LAHA
139,../img/tt/1283tt.jpg,125,0.632,82,88,0.4842020372770295,0.264,0.4425731213505125,0.368,0.4842020372770294,1.416,1.6173654403819615,4.192,1.5846847656400345,3.24,1.6867605906952474,0.656,0.704,500,399,199500,NAHA
140,../img/tt/1290tt.jpg,95,0.968421052631579,83,90,0.17580402404729137,0.28421052631578947,0.45343037408552267,0.6631578947368421,0.4751377474578825,1.9894736842105263,1.7894176922931107,3.863157894736842,1.6217309265745306,3.1578947368421053,2.0541384769335327,0.8736842105263158,0.9473684210526315,333,500,166500,
141,../img/tt/1307tt.jpg,117,0.9658119658119658,100,102,0.1824934543759523,0.06837606837606838,0.25347569177120677,0.7094017094017094,0.45599132364380807,1.8717948717948718,1.500221027040174,4.196581196581197,1.571509905611952,3.393162393162393,2.008418767971224,0.8547008547008547,0.8717948717948718,500,332,166000,
142,../img/tt/1309tt.jpg,118,0.9491525423728814,110,111,0.22062295744653465,0.06779661016949153,0.25246861730411874,0.2966101694915254,0.4587109779187968,2.2711864406779663,1.6572091509737035,3.669491525423729,1.6746224717841598,2.6610169491525424,1.73067023716124,0.9322033898305084,0.940677966101695,500,375,187500,LAHA
143,../img/tt/1353tt.jpg,123,0.8943089430894309,83,107,0.30869923104412555,0.07317073170731707,0.26148164551192526,0.7479674796747967,0.43595562894538903,1.3414634146341464,1.5983047796751737,4.2682926829268295,1.547463131432456,3.796747967479675,2.0039279035225603,0.6747967479674797,0.8699186991869918,500,375,187500,HAHA
144,../img/tt/135tt.jpg,122,1.0,115,121,0.0,0.8032786885245902,0.39915912157365996,0.9754098360655737,0.15551114089921197,4.10655737704918,1.9532019782283265,2.7950819672131146,1.928209569000782,2.139344262295082,2.25012607092346,0.9426229508196722,0.9918032786885246,400,400,160000,
145,../img/tt/1362tt.jpg,124,0.967741935483871,110,115,0.1774014725270341,0.1774193548387097,0.38357299888809065,0.5241935483870968,0.5014403591447106,1.9919354838709677,1.5060634507732562,3.7903225806451615,1.716842410524449,3.1451612903225805,1.9325771511943957,0.8870967741935484,0.9274193548387096,500,375,187500,LAHA
146,../img/tt/1363tt.jpg,102,1.0,77,102,0.0,0.18627450980392157,0.39125065164562167,0.5784313725490197,0.4962487900038405,1.8529411764705883,1.6313576853331806,3.911764705882353,1.695088660764063,2.9313725490196076,1.97137838857033,0.7549019607843137,1.0,500,375,187500,LAHA
147,../img/tt/1366tt.jpg,116,0.8189655172413793,89,94,0.3867172415183428,0.12931034482758622,0.3369988366330869,0.47413793103448276,0.5014970093378549,1.2844827586206897,1.2975296560756528,4.025862068965517,1.6442850006669436,3.0344827586206895,1.9557319745358488,0.7672413793103449,0.8103448275862069,500,375,187500,LAHA
148,../img/tt/140tt.jpg,109,1.0,96,108,0.0,0.6605504587155964,0.4757096742653049,0.9908256880733946,0.09578262852211514,3.4128440366972477,2.1439450016021087,2.9724770642201834,1.955328501321502,2.2844036697247705,2.16064009342596,0.8807339449541285,0.9908256880733946,400,400,160000,
149,../img/tt/163tt.jpg,115,0.7304347826086957,86,90,0.44567589377071937,0.28695652173913044,0.454320726639741,0.6869565217391305,0.46576135353197334,2.0956521739130434,1.9193105169335938,3.8347826086956522,1.6055301074756212,3.130434782608696,1.9713818251505575,0.7478260869565218,0.782608695652174,600,450,270000,
150,../img/tt/184tt.jpg,108,0.7222222222222222,71,71,0.4499913464034684,0.06481481481481481,0.2473465973441365,0.37037037037037035,0.4851551942197118,1.1296296296296295,1.3261749690216877,4.101851851851852,1.5464146946254573,3.4722222222222223,1.871869140991668,0.6574074074074074,0.6574074074074074,400,400,160000,
151,../img/tt/189tt.jpg,119,0.9327731092436975,103,105,0.2514733681008378,0.12605042016806722,0.33330959417912925,0.7563025210084033,0.43112754325479224,1.6974789915966386,1.515762502352515,4.2521008403361344,1.36057370373838,3.3529411764705883,1.8937373831055582,0.865546218487395,0.8823529411764706,550,560,308000,
152,../img/tt/194tt.jpg,126,0.9603174603174603,122,121,0.1959915774024446,0.5634920634920635,0.4979322322731357,0.8174603174603174,0.38783076001356365,3.1904761904761907,1.7098036645850803,3.5714285714285716,1.6705858681483994,2.888888888888889,1.7537261917287874,0.9682539682539683,0.9603174603174603,334,500,167000,
153,../img/tt/222tt.jpg,104,0.7692307692307693,76,66,0.42336537115199285,0.21153846153846154,0.41037697382074245,0.4519230769230769,0.5000933445354907,1.3173076923076923,1.3017122635312433,3.9903846153846154,1.7094551014398378,3.7596153846153846,1.923261753627129,0.7307692307692307,0.6346153846153846,596,396,236016,HAHA
154,../img/tt/270tt.jpg,106,0.7735849056603774,70,71,0.42049899763029897,0.2358490566037736,0.42654507476774994,0.5094339622641509,0.5022858798744932,1.2264150943396226,1.5010029590905416,4.160377358490566,1.6337907568586516,3.1792452830188678,1.9894826789242082,0.660377358490566,0.6698113207547169,294,440,129360,
155,../img/tt/273tt.jpg,111,0.9279279279279279,94,102,0.2597800367342869,0.4774774774774775,0.5017577620334853,0.7657657657657657,0.42543998519083864,3.2432432432432434,2.2165338059732163,3.09009009009009,1.880761690715902,2.774774774774775,2.160322722880604,0.8468468468468469,0.918918918918919,400,266,106400,
156,../img/tt/279tt.jpg,116,0.7844827586206896,100,95,0.4129645628076731,0.6896551724137931,0.4646418555974197,0.7586206896551724,0.42977627456260487,3.6379310344827585,2.2550293615138037,3.0258620689655173,1.949185813957031,2.543103448275862,2.184499709432287,0.8620689655172413,0.8189655172413793,400,400,160000,
157,../img/tt/296tt.jpg,120,0.9333333333333333,107,106,0.25048971643405976,0.11666666666666667,0.32236868431572413,0.7166666666666667,0.45250624831255626,2.125,1.5038466084839703,3.8583333333333334,1.5733913130844581,3.683333333333333,1.7392325813383314,0.8916666666666667,0.8833333333333333,400,400,160000,
158,../img/tt/300tt.jpg,120,0.75,100,101,0.4348282767393364,0.225,0.4193332041878556,0.5833333333333334,0.49507377148833714,2.158333333333333,1.6601904990082312,3.925,1.4790554560315874,3.475,1.9871964119915106,0.8333333333333334,0.8416666666666667,400,400,160000,
159,../img/tt/301tt.jpg,113,0.8938053097345132,71,88,0.30945897080939844,0.061946902654867256,0.24213285316964073,0.6902654867256637,0.46444371521398575,1.1504424778761062,1.5307633421297009,4.097345132743363,1.6901215180842108,3.256637168141593,1.9674982349871686,0.6283185840707964,0.7787610619469026,400,400,160000,
160,../img/tt/306tt.jpg,98,0.7551020408163265,55,55,0.4322376324704123,0.1326530612244898,0.3409433578146888,0.42857142857142855,0.4974160033738071,0.8877551020408163,1.225860968733576,4.346938775510204,1.5866845470612678,3.5714285714285716,1.9792740520695655,0.5612244897959183,0.5612244897959183,640,427,273280,
161,../img/tt/307tt.jpg,117,0.7008547008547008,78,82,0.45985299871839236,0.13675213675213677,0.3450632851996989,0.5470085470085471,0.49992631346213035,1.1794871794871795,1.4480390105681964,4.0256410256410255,1.7093129213605023,3.6324786324786325,1.9458102230455208,0.6666666666666666,0.7008547008547008,400,400,160000,
162,../img/tt/315tt.jpg,113,0.8230088495575221,79,94,0.38336127346461935,0.09734513274336283,0.29774754916562113,0.7079646017699115,0.4567238914502851,1.4778761061946903,1.6855337493588074,3.982300884955752,1.7371071029822402,3.4601769911504423,1.9867210882960271,0.6991150442477876,0.831858407079646,400,400,160000,
163,../img/tt/318tt.jpg,117,0.9230769230769231,91,103,0.26761546505252365,0.42735042735042733,0.4968216101871514,0.7863247863247863,0.4116631496465207,1.7521367521367521,1.7065087515359165,3.7948717948717947,1.627026383962905,3.0085470085470085,2.086474201794479,0.7777777777777778,0.8803418803418803,400,400,160000,
164,../img/tt/319tt.jpg,117,0.9487179487179487,99,113,0.22152114580133261,0.4017094017094017,0.4923523594531884,0.8632478632478633,0.3450632851996988,2.5811965811965814,2.013914168972504,3.717948717948718,1.6756169931378433,2.9743589743589745,1.918429397393906,0.8461538461538461,0.9658119658119658,400,400,160000,
165,../img/tt/329tt.jpg,105,0.6190476190476191,55,56,0.4879500364742666,0.047619047619047616,0.21398024625545645,0.4,0.4922475924854201,0.8666666666666667,1.2485889471616989,4.038095238095238,1.7204863440531173,3.466666666666667,2.0099113387768104,0.5238095238095238,0.5333333333333333,600,517,310200,
166,../img/tt/353tt.jpg,117,0.8205128205128205,99,103,0.385410319086497,0.5042735042735043,0.5021322058350292,0.7863247863247863,0.4116631496465206,2.3076923076923075,1.9716155569758735,3.8803418803418803,1.5928850054950345,3.1623931623931623,1.856754978716181,0.8461538461538461,0.8803418803418803,600,400,240000,
167,../img/tt/357tt.jpg,120,0.8,72,85,0.40167715620274697,0.26666666666666666,0.4440708046604963,0.5833333333333334,0.4950737714883372,1.3333333333333333,1.6261173706351062,3.941666666666667,1.6362276419736173,3.0083333333333333,1.9894504681610212,0.6,0.7083333333333334,300,266,79800,
168,../img/tt/358tt.jpg,116,0.7758620689655172,90,87,0.41882250877080807,0.017241379310344827,0.13073428881844107,0.5086206896551724,0.5020945633291977,1.5086206896551724,1.4355467957188475,4.353448275862069,1.4817986153427816,3.7672413793103448,1.7857297065086994,0.7758620689655172,0.75,640,422,270080,HAHA
169,../img/tt/378tt.jpg,113,0.415929203539823,63,57,0.4950769008954597,0.035398230088495575,0.18560728221469427,0.168141592920354,0.37565787215935875,1.0265486725663717,1.3852551144048628,4.336283185840708,1.6069637489745467,3.7079646017699117,1.7812586637844616,0.5575221238938053,0.504424778761062,275,300,82500,
170,../img/tt/380tt.jpg,109,0.5688073394495413,74,57,0.4975304285699932,0.009174311926605505,0.09578262852211512,0.07339449541284404,0.26198748974757124,1.1559633027522935,1.2410741459227483,4.201834862385321,1.585698914217683,3.467889908256881,2.043819986181692,0.6788990825688074,0.5229357798165137,400,267,106800,
171,../img/tt/405tt.jpg,108,0.7777777777777778,85,90,0.41767790061294374,0.46296296296296297,0.5009509820989527,0.7314814814814815,0.4452549722440671,2.5833333333333335,2.3045059478229613,3.3981481481481484,2.022951553347929,2.9814814814814814,2.2380794565563273,0.7870370370370371,0.8333333333333334,400,400,160000,
172,../img/tt/406tt.jpg,110,0.9454545454545454,62,93,0.2281301590639917,0.35454545454545455,0.480564722012935,0.8090909090909091,0.3948162862859094,1.2727272727272727,1.6750138485479324,4.418181818181818,1.5228041383260966,3.381818181818182,2.1158285868285027,0.5636363636363636,0.8454545454545455,700,600,420000,NAHA
173,../img/tt/412tt.jpg,121,0.8760330578512396,86,94,0.3309140858763872,0.01652892561983471,0.12802806166228853,0.49586776859504134,0.5020618644176027,1.2479338842975207,1.2798501978456773,3.9008264462809916,1.738797279144821,2.7107438016528924,2.0059827871018134,0.7107438016528925,0.7768595041322314,261,300,78300,
174,../img/tt/416tt.jpg,131,0.8244274809160306,106,116,0.3819165440559042,0.4961832061068702,0.5019047688023743,0.8015267175572519,0.40038149746391927,2.717557251908397,2.1385646126470528,3.3969465648854964,1.7874751824548376,2.5801526717557253,2.0790315736429656,0.8091603053435115,0.8854961832061069,640,480,307200,
175,../img/tt/418tt.jpg,112,0.7946428571428571,79,92,0.40577792837428606,0.15178571428571427,0.36042570996904816,0.7232142857142857,0.4494204762566615,1.5,1.6439898730535731,3.982142857142857,1.765444807065734,3.517857142857143,2.04005892361971,0.7053571428571429,0.8214285714285714,400,400,160000,
176,../img/tt/435tt.jpg,125,0.848,90,101,0.3604656486698389,0.184,0.38904349205413713,0.568,0.4973478045690736,1.808,1.8781253522354884,3.88,1.7255200244676119,3.544,2.077156865805106,0.72,0.808,478,480,229440,
177,../img/tt/436tt.jpg,118,0.8220338983050848,89,85,0.3841152767720006,0.1016949152542373,0.30353559073973396,0.3050847457627119,0.46240683194223875,1.7627118644067796,1.7279896233746634,3.847457627118644,1.6724367740355564,3.110169491525424,1.93388099362986,0.7542372881355932,0.7203389830508474,600,464,278400,LAHA
178,../img/tt/438tt.jpg,109,0.7614678899082569,84,86,0.42815457940655344,0.1834862385321101,0.388852481184939,0.5963302752293578,0.49289894642790455,1.81651376146789,1.7907433673419644,3.9724770642201834,1.7557245818577154,3.55045871559633,1.9172039755664922,0.7706422018348624,0.7889908256880734,400,400,160000,
179,../img/tt/440tt.jpg,109,0.7064220183486238,81,86,0.45750434714749044,0.03669724770642202,0.188885890723942,0.5412844036697247,0.5005942781620424,1.4862385321100917,1.4182323302532642,4.073394495412844,1.5498292738613395,3.743119266055046,1.8176280316857536,0.7431192660550459,0.7889908256880734,640,480,307200,
180,../img/tt/442tt.jpg,113,0.7610619469026548,72,72,0.4283343212622305,0.017699115044247787,0.13244276964543109,0.4778761061946903,0.5017352946941701,0.9292035398230089,1.1931112850689103,4.504424778761062,1.5301954462310512,3.4424778761061945,1.8942490648263364,0.6371681415929203,0.6371681415929203,600,398,238800,
181,../img/tt/456tt.jpg,115,0.9565217391304348,87,99,0.20482360180554887,0.11304347826086956,0.3180317040166364,0.8260869565217391,0.3806934938134405,1.7739130434782608,1.6546631054000798,4.095652173913043,1.4747816552247108,3.791304347826087,1.818499729504792,0.7565217391304347,0.8608695652173913,400,400,160000,HAHA
182,../img/tt/468tt.jpg,109,0.9541284403669725,81,84,0.21017281693870987,0.2018348623853211,0.40322350464635165,0.6422018348623854,0.48156642132186733,1.6788990825688073,1.7944396316324558,4.275229357798165,1.7260078088372532,3.55045871559633,2.034363302581652,0.7431192660550459,0.7706422018348624,400,400,160000,
183,../img/tt/477tt.jpg,115,0.6173913043478261,81,76,0.4881509813832978,0.1391304347826087,0.3475971786810162,0.4434782608695652,0.4989691891452289,1.382608695652174,1.4664828953587772,3.9043478260869566,1.6960941355220385,3.217391304347826,2.042455559849176,0.7043478260869566,0.6608695652173913,520,404,210080,
184,../img/tt/481tt.jpg,71,0.704225352112676,58,53,0.45963855977692164,0.43661971830985913,0.49949672860925537,0.6338028169014085,0.48519323454588126,2.464788732394366,2.1168101737924507,3.7464788732394365,1.7785894078426703,3.084507042253521,1.9327735723805195,0.8169014084507042,0.7464788732394366,600,450,270000,
185,../img/tt/496tt.jpg,77,0.6103896103896104,51,53,0.49085972258788635,0.3116883116883117,0.46622053342022435,0.4805194805194805,0.502896599458671,1.3116883116883118,1.5326253727349874,4.0,1.538967528127731,3.675324675324675,1.7278032785924142,0.6623376623376623,0.6883116883116883,400,400,160000,NAHA
186,../img/tt/497tt.jpg,112,0.9821428571428571,89,105,0.1330273193606024,0.17857142857142858,0.38471437197633784,0.8303571428571429,0.37700557639536936,1.9196428571428572,1.5946893445226582,3.7589285714285716,1.57826187732282,3.3392857142857144,1.9103962676926214,0.7946428571428571,0.9375,400,400,160000,
187,../img/tt/507tt.jpg,112,0.9107142857142857,96,102,0.2864373091032871,0.33035714285714285,0.472455591261534,0.6964285714285714,0.46186628294395266,1.8214285714285714,1.5199234553645484,3.9017857142857144,1.5766301241136262,3.2142857142857144,1.7212428540670726,0.8571428571428571,0.9107142857142857,400,400,160000,NAHA
188,../img/tt/515tt.jpg,121,0.5537190082644629,92,83,0.49917286957426704,0.2975206611570248,0.4590684062891853,0.5041322314049587,0.5020618644176029,1.7520661157024793,1.6293198567476823,3.8512396694214877,1.6210138649663746,3.190082644628099,1.950700940631242,0.7603305785123967,0.6859504132231405,400,400,160000,NAHA
189,../img/tt/517tt.jpg,126,0.873015873015873,107,110,0.3342843576149379,0.35714285714285715,0.48107023544236394,0.5238095238095238,0.5014265364224071,1.7380952380952381,1.3633991135603485,4.071428571428571,1.5029494811393835,3.515873015873016,1.5986700822077184,0.8492063492063492,0.873015873015873,450,336,151200,NAHA
190,../img/tt/522tt.jpg,101,0.6138613861386139,58,57,0.4892912635578724,0.18811881188118812,0.3927561912211879,0.36633663366336633,0.4842059949490037,1.2574257425742574,1.7530172009796976,4.2772277227722775,1.7499646389638175,3.9405940594059405,2.038733833428081,0.5742574257425742,0.5643564356435643,400,400,160000,HAHA
191,../img/tt/524tt.jpg,117,0.7692307692307693,105,102,0.42313720332558374,0.008547008547008548,0.09245003270420486,0.48717948717948717,0.5019854479169933,2.47008547008547,1.6534845628334247,3.427350427350427,1.9356734518892784,3.5384615384615383,1.8454905970409539,0.8974358974358975,0.8717948717948718,548,605,331540,
192,../img/tt/534tt.jpg,106,0.9433962264150944,92,101,0.23218173010628607,0.4716981132075472,0.5015698625755192,0.8867924528301887,0.3183515492264467,2.150943396226415,1.6317822732342968,4.066037735849057,1.4092812617617962,3.0849056603773586,2.0053163841496637,0.8679245283018868,0.9528301886792453,450,600,270000,
193,../img/tt/549tt.jpg,106,0.7264150943396226,52,64,0.4479162095946183,0.03773584905660377,0.19146195951337386,0.3584905660377358,0.48183536499282803,0.6981132075471698,1.1643090026829912,3.981132075471698,1.7887539268891535,2.943396226415094,2.0968465605886117,0.49056603773584906,0.6037735849056604,640,432,276480,LAHA
194,../img/tt/552tt.jpg,126,0.9285714285714286,104,109,0.2585674822114003,0.30158730158730157,0.4607791882425467,0.6349206349206349,0.483374382493315,2.2777777777777777,1.9581170093286624,3.992063492063492,1.6419307256813567,3.2063492063492065,2.0329976303673756,0.8253968253968254,0.8650793650793651,394,309,121746,NAHA
195,../img/tt/559tt.jpg,106,0.8113207547169812,74,83,0.3931123078876549,0.37735849056603776,0.4870285058378537,0.7264150943396226,0.4479162095946182,1.7358490566037736,1.5934502056705393,4.056603773584905,1.5604040299702924,3.1037735849056602,2.0790531053618246,0.6981132075471698,0.7830188679245284,400,400,160000,
196,../img/tt/567tt.jpg,109,0.981651376146789,90,103,0.13482851771010282,0.46788990825688076,0.5012725905032175,0.8715596330275229,0.3361249059940273,2.7981651376146788,2.3522243866327166,3.2752293577981653,1.9620074736191873,2.853211009174312,2.3006669245363303,0.8256880733944955,0.944954128440367,400,400,160000,
197,../img/tt/580tt.jpg,119,0.680672268907563,70,65,0.46818750968438855,0.05042016806722689,0.21973556896362528,0.25210084033613445,0.43605487516117775,0.9159663865546218,1.4056775429638066,4.453781512605042,1.6557444900302372,3.7058823529411766,2.0267404789693035,0.5882352941176471,0.5462184873949579,403,640,257920,
198,../img/tt/584tt.jpg,115,0.991304347826087,95,112,0.09325048082403137,0.26956521739130435,0.4456758937707194,0.8434782608695652,0.36493941693387494,2.365217391304348,1.822522036940428,3.9043478260869566,1.6274720093180264,2.9043478260869566,2.0260319572975263,0.8260869565217391,0.9739130434782609,400,400,160000,
199,../img/tt/590tt.jpg,94,0.5851063829787234,65,49,0.4953455287595169,0.031914893617021274,0.1767160202664313,0.32978723404255317,0.4726565934366609,1.2340425531914894,1.4325369023743784,4.191489361702128,1.634813433469153,3.5638297872340425,1.834897733157407,0.6914893617021277,0.5212765957446809,300,292,87600,
200,../img/tt/598tt.jpg,95,0.7578947368421053,59,75,0.4306301536438474,0.05263157894736842,0.2244814854058873,0.5894736842105263,0.494539046973,1.105263157894737,1.3246732572683109,4.294736842105263,1.4504121513330628,3.873684210526316,1.7457675582107806,0.6210526315789474,0.7894736842105263,600,581,348600,HAHA
201,../img/tt/599tt.jpg,112,0.8392857142857143,96,97,0.3689178582020476,0.3392857142857143,0.4755948656056709,0.6875,0.46559561776210845,2.375,1.9596147810450117,3.7767857142857144,1.642398934477936,3.0982142857142856,2.0266682436659855,0.8571428571428571,0.8660714285714286,400,400,160000,
202,../img/tt/603tt.jpg,112,0.8571428571428571,82,95,0.35149982013099745,0.39285714285714285,0.49058051395182894,0.8125,0.39206659665956783,1.8303571428571428,1.707895775335246,4.0625,1.578465727868063,3.0982142857142856,1.9496353155341288,0.7321428571428571,0.8482142857142857,400,400,160000,
