,mooneyname,memcatname
0,1176gs.jpg,9980f148e56325da.jpg
1,1295gs.jpg,n02946348_601.jpg
2,1330gs.jpg,n04231693_5428.jpg
3,1026gs.jpg,000000129722.jpg
4,1238gs.jpg,n01846331_3449.jpg
5,1151gs.jpg,4aba0110daeaec0c.jpg
6,1219gs.jpg,n00480993_1240.jpg
7,1081gs.jpg,000000383857.jpg
8,1282gs.jpg,n02450034_12504.jpg
9,1351gs.jpg,n07720875_1697.jpg
10,1017gs.jpg,000000076138.jpg
11,1277gs.jpg,n02430045_3429.jpg
12,1048gs.jpg,000000210810.jpg
13,1231gs.jpg,n01811909_7231.jpg
14,1320gs.jpg,n03791053_15494.jpg
15,1170gs.jpg,83ab987502a09a6b.jpg
16,1086gs.jpg,000000396217.jpg
17,1186gs.jpg,aeddefe970b1f7fc.jpg
18,1366gs.jpg,n07880968_3091.jpg
19,1063gs.jpg,000000268481.jpg
20,1268gs.jpg,n02355227_13927.jpg
21,1100gs.jpg,000000443093.jpg
22,1211gs.jpg,n00464894_13710.jpg
23,1079gs.jpg,000000381406.jpg
24,1054gs.jpg,000000224874.jpg
25,1339gs.jpg,n04467665_41352.jpg
26,1062gs.jpg,000000267136.jpg
27,1288gs.jpg,n02932891_37141.jpg
28,1192gs.jpg,c9e8efe103a3898a.jpg
29,1126gs.jpg,098894a1b82b9b81.jpg
30,1105gs.jpg,000000465200.jpg
31,1195gs.jpg,ccfd38dcbe6838fd.jpg
32,1283gs.jpg,n02450034_6129.jpg
33,1278gs.jpg,n02430045_4873.jpg
34,1352gs.jpg,n07720875_2664.jpg
35,1367gs.jpg,n07880968_5785.jpg
36,1345gs.jpg,n07697537_20135.jpg
37,1200gs.jpg,e05959944abb7053.jpg
38,1232gs.jpg,n01811909_7972.jpg
39,1076gs.jpg,000000366295.jpg
40,1293gs.jpg,n02946348_24802.jpg
41,1130gs.jpg,13ffeb4fec0d2c49.jpg
42,1265gs.jpg,n02342885_727.jpg
43,1185gs.jpg,a8895e69efa2a435.jpg
44,1069gs.jpg,000000306363.jpg
45,1146gs.jpg,3f2cc085cfc23975.jpg
46,1027gs.jpg,000000130221.jpg
47,1291gs.jpg,n02934451_4571.jpg
48,1075gs.jpg,000000355902.jpg
49,1207gs.jpg,n00439826_6640.jpg
50,1025gs.jpg,000000126255.jpg
51,1052gs.jpg,000000214150.jpg
52,1090gs.jpg,000000414679.jpg
53,1357gs.jpg,n07753592_14958.jpg
54,1374gs.jpg,n07929519_36740.jpg
55,1044gs.jpg,000000192804.jpg
56,1093gs.jpg,000000422560.jpg
57,1139gs.jpg,2d247c6c85e9db4f.jpg
58,1133gs.jpg,20c25df116a12983.jpg
59,1019gs.jpg,000000092529.jpg
60,1152gs.jpg,4de9eacd8a1f22d6.jpg
61,1177gs.jpg,9ad90193550e2037.jpg
62,1131gs.jpg,1ad03c0542449be2.jpg
63,1082gs.jpg,000000386414.jpg
64,1125gs.jpg,086ae640b9f067db.jpg
65,1160gs.jpg,690fd08f9b5af89c.jpg
66,1242gs.jpg,n02118333_8900.jpg
67,1190gs.jpg,c2a4e2dc3a23410b.jpg
68,1252gs.jpg,n02324045_10339.jpg
69,1205gs.jpg,f85c058e1b60c705.jpg
70,1175gs.jpg,97a9ba3535794459.jpg
71,1269gs.jpg,n02355227_14189.jpg
72,1150gs.jpg,4757aebe700d4238.jpg
73,1274gs.jpg,n02396427_1945.jpg
74,1261gs.jpg,n02342885_10821.jpg
75,1028gs.jpg,000000132041.jpg
76,1153gs.jpg,4e44723b000d7060.jpg
77,1166gs.jpg,7e4f94776a3b4db8.jpg
78,1263gs.jpg,n02342885_209.jpg
79,1149gs.jpg,4592a320b99460e2.jpg
80,1106gs.jpg,000000466736.jpg
81,1053gs.jpg,000000221895.jpg
82,1183gs.jpg,a6c9c4affde9a6a2.jpg
83,1316gs.jpg,n03790512_11024.jpg
84,1311gs.jpg,n03594945_6810.jpg
85,1059gs.jpg,000000239581.jpg
86,1143gs.jpg,39dabf44b31cc631.jpg
87,1239gs.jpg,n02091467_4631.jpg
88,1098gs.jpg,000000437810.jpg
89,1047gs.jpg,000000209778.jpg
90,1353gs.jpg,n07720875_4162.jpg
91,1302gs.jpg,n03512147_2234.jpg
92,1289gs.jpg,n02932891_37818.jpg
93,1196gs.jpg,dd6f1f06f3025b28.jpg
94,1214gs.jpg,n00468480_10961.jpg
95,1210gs.jpg,n00445351_6131.jpg
96,1050gs.jpg,000000212824.jpg
97,1237gs.jpg,n01846331_1824.jpg
98,1197gs.jpg,deb4d11e1ecbab40.jpg
99,1245gs.jpg,n02129165_1047.jpg
100,1371gs.jpg,n07911677_14638.jpg
101,1250gs.jpg,n02132580_22386.jpg
102,1218gs.jpg,n00470966_19202.jpg
103,1182gs.jpg,a4cd92bb222f7ce1.jpg
104,1240gs.jpg,n02118333_14906.jpg
105,1294gs.jpg,n02946348_5029.jpg
106,1247gs.jpg,n02129165_22388.jpg
107,1236gs.jpg,n01846331_13327.jpg
108,1154gs.jpg,520938b2c3a0bd8e.jpg
109,1201gs.jpg,e1d2aa04889492be.jpg
110,1134gs.jpg,232299e70b9fe949.jpg
111,1156gs.jpg,59f63a830a92100f.jpg
112,1340gs.jpg,n07654148_13921.jpg
113,1021gs.jpg,000000099553.jpg
114,1354gs.jpg,n07720875_5177.jpg
115,1112gs.jpg,000000502752.jpg
116,1158gs.jpg,6640cb58a84d1828.jpg
117,1356gs.jpg,n07720875_8705.jpg
118,1303gs.jpg,n03512147_5093.jpg
119,1039gs.jpg,000000166124.jpg
120,1221gs.jpg,n00480993_19839.jpg
121,1368gs.jpg,n07880968_7455.jpg
122,1331gs.jpg,n04349306_14590.jpg
123,1312gs.jpg,n03594945_9110.jpg
124,1319gs.jpg,n03790512_559.jpg
125,1051gs.jpg,000000213023.jpg
126,1108gs.jpg,000000486717.jpg
127,1167gs.jpg,7f6a04e04c276070.jpg
128,1350gs.jpg,n07717556_5351.jpg
129,1145gs.jpg,3ecc8dd591d2496d.jpg
130,1097gs.jpg,000000437540.jpg
131,1122gs.jpg,000000544638.jpg
132,1157gs.jpg,61f624ac32c56eba.jpg
133,1229gs.jpg,n01811909_10858.jpg
134,1306gs.jpg,n03541923_2052.jpg
135,1249gs.jpg,n02129165_7729.jpg
136,1251gs.jpg,n02132580_24520.jpg
137,1342gs.jpg,n07690273_26458.jpg
138,1174gs.jpg,8c3acc0158dfe5ee.jpg
139,1018gs.jpg,000000082414.jpg
140,1071gs.jpg,000000324616.jpg
141,1004gs.jpg,000000021338.jpg
142,1029gs.jpg,000000133727.jpg
143,1369gs.jpg,n07893642_1155.jpg
144,1155gs.jpg,57251d1cf556fa5e.jpg
145,1159gs.jpg,67fc00cbfdf7252d.jpg
146,1275gs.jpg,n02396427_3079.jpg
147,1286gs.jpg,n02834778_10735.jpg
148,1209gs.jpg,n00440941_8075.jpg
149,1341gs.jpg,n07679356_23272.jpg
150,1203gs.jpg,e749e52646ca0791.jpg
151,1355gs.jpg,n07720875_7650.jpg
152,1254gs.jpg,n02324045_14622.jpg
153,1338gs.jpg,n04467665_14142.jpg
154,1087gs.jpg,000000397760.jpg
155,1267gs.jpg,n02355227_13267.jpg
156,1033gs.jpg,000000150477.jpg
157,1120gs.jpg,000000540626.jpg
158,1199gs.jpg,e04b7724f7319907.jpg
159,1095gs.jpg,000000425254.jpg
160,1328gs.jpg,n04231693_17301.jpg
161,1337gs.jpg,n04465501_2636.jpg
162,1023gs.jpg,000000113962.jpg
163,1116gs.jpg,000000514299.jpg
164,1138gs.jpg,29af2f1dd764c49f.jpg
165,1163gs.jpg,6f5ff291e66b5066.jpg
166,1115gs.jpg,000000511148.jpg
167,1297gs.jpg,n03384352_1736.jpg
168,1011gs.jpg,000000061566.jpg
169,1142gs.jpg,336bacff8461dbaa.jpg
170,1036gs.jpg,000000159398.jpg
171,1361gs.jpg,n07753592_9781.jpg
172,1035gs.jpg,000000157049.jpg
173,1363gs.jpg,n07838073_16757.jpg
174,1114gs.jpg,000000505062.jpg
175,1215gs.jpg,n00468480_2830.jpg
176,1315gs.jpg,n03790512_10993.jpg
177,1168gs.jpg,80e5bd3f023a302d.jpg
178,1124gs.jpg,084d9b0d21b5de75.jpg
179,1298gs.jpg,n03384352_3531.jpg
180,1301gs.jpg,n03512147_11785.jpg
181,1284gs.jpg,n02691156_10622.jpg
182,1147gs.jpg,4299e2ebf9c58542.jpg
183,1172gs.jpg,86e9451ce692d4e6.jpg
184,1292gs.jpg,n02946348_16122.jpg
185,1161gs.jpg,69cdb1ea7269fecb.jpg
186,1364gs.jpg,n07880968_2771.jpg
187,1299gs.jpg,n03384352_4313.jpg
188,1290gs.jpg,n02934451_11983.jpg
189,1181gs.jpg,a3d1286c56e96238.jpg
190,1189gs.jpg,b81c309ace9a87e9.jpg
191,1067gs.jpg,000000294008.jpg
192,1022gs.jpg,000000102610.jpg
193,1089gs.jpg,000000411043.jpg
194,1009gs.jpg,000000043494.jpg
195,1365gs.jpg,n07880968_2921.jpg
196,1141gs.jpg,2f4497d3051b6e49.jpg
197,1136gs.jpg,27c7038cc98f8ac4.jpg
198,1234gs.jpg,n01846331_10874.jpg
199,1012gs.jpg,000000062664.jpg
200,1270gs.jpg,n02355227_15347.jpg
201,1212gs.jpg,n00464894_9505.jpg
202,1169gs.jpg,81594f9739f7344d.jpg
203,1313gs.jpg,n03670208_1113.jpg
204,1110gs.jpg,000000490261.jpg
205,1111gs.jpg,000000496939.jpg
206,1246gs.jpg,n02129165_20206.jpg
207,1055gs.jpg,000000232592.jpg
208,1060gs.jpg,000000263275.jpg
209,1230gs.jpg,n01811909_2537.jpg
210,1002gs.jpg,000000005745.jpg
211,1074gs.jpg,000000351683.jpg
212,1073gs.jpg,000000346107.jpg
213,1336gs.jpg,n04465501_2499.jpg
214,1064gs.jpg,000000278665.jpg
215,1078gs.jpg,000000374270.jpg
216,1264gs.jpg,n02342885_6644.jpg
217,1322gs.jpg,n03791053_517.jpg
218,1013gs.jpg,000000066441.jpg
219,1123gs.jpg,000000546020.jpg
220,1113gs.jpg,000000505020.jpg
221,1271gs.jpg,n02379743_11969.jpg
222,1020gs.jpg,000000099336.jpg
223,1226gs.jpg,n01514859_129.jpg
224,1287gs.jpg,n02834778_2018.jpg
225,1228gs.jpg,n01793435_425.jpg
226,1180gs.jpg,a309464face2453a.jpg
227,1165gs.jpg,7d9a7e679b39765c.jpg
228,1333gs.jpg,n04465501_13078.jpg
229,1281gs.jpg,n02434954_1542.jpg
230,1372gs.jpg,n07911677_18968.jpg
231,1094gs.jpg,000000424445.jpg
232,1045gs.jpg,000000193824.jpg
233,1304gs.jpg,n03512147_5385.jpg
234,1253gs.jpg,n02324045_13525.jpg
235,1248gs.jpg,n02129165_4588.jpg
236,1347gs.jpg,n07716358_5976.jpg
237,1359gs.jpg,n07753592_5409.jpg
238,1217gs.jpg,n00468480_9567.jpg
239,1362gs.jpg,n07838073_13511.jpg
240,1070gs.jpg,000000310749.jpg
241,1135gs.jpg,2770e1a4b947ec54.jpg
242,1344gs.jpg,n07696839_15859.jpg
243,1273gs.jpg,n02396427_16805.jpg
244,1056gs.jpg,000000233383.jpg
245,1325gs.jpg,n04166281_4869.jpg
246,1184gs.jpg,a6cff7d33b841d2f.jpg
247,1194gs.jpg,cc89a78d3c9dbb26.jpg
248,1107gs.jpg,000000477673.jpg
249,1005gs.jpg,000000021983.jpg
250,1314gs.jpg,n03670208_6553.jpg
251,1072gs.jpg,000000330028.jpg
252,1370gs.jpg,n07893642_3353.jpg
253,1310gs.jpg,n03594945_17812.jpg
254,1099gs.jpg,000000439602.jpg
255,1102gs.jpg,000000446108.jpg
256,1343gs.jpg,n07693725_758.jpg
257,1128gs.jpg,0fe3f79c9523477a.jpg
258,1031gs.jpg,000000143559.jpg
259,1324gs.jpg,n03791053_9223.jpg
260,1257gs.jpg,n02324045_5931.jpg
261,1007gs.jpg,000000025559.jpg
262,1104gs.jpg,000000452263.jpg
263,1003gs.jpg,000000010858.jpg
264,1307gs.jpg,n03541923_579.jpg
265,1348gs.jpg,n07717556_2408.jpg
266,1305gs.jpg,n03512147_7211.jpg
267,1225gs.jpg,n01514668_18848.jpg
268,1121gs.jpg,000000541635.jpg
269,1266gs.jpg,n02355227_12357.jpg
270,1001gs.jpg,000000000438.jpg
271,1193gs.jpg,ca24144abcf2bb19.jpg
272,1144gs.jpg,3c4e294f8d735775.jpg
273,1096gs.jpg,000000426420.jpg
274,1080gs.jpg,000000383368.jpg
275,1127gs.jpg,09bff5f615f67d3f.jpg
276,1117gs.jpg,000000526456.jpg
277,1375gs.jpg,n07933274_31151.jpg
278,1061gs.jpg,000000264307.jpg
279,1057gs.jpg,000000235646.jpg
280,1148gs.jpg,430bde7175269de1.jpg
281,1334gs.jpg,n04465501_1750.jpg
282,1332gs.jpg,n04349306_8007.jpg
283,1140gs.jpg,2e7c8ac130906525.jpg
284,1137gs.jpg,286ffd11d7e446d1.jpg
285,1213gs.jpg,n00468480_10598.jpg
286,1227gs.jpg,n01793435_2761.jpg
287,1308gs.jpg,n03541923_95.jpg
288,1006gs.jpg,000000024189.jpg
289,1171gs.jpg,863960ac3b291df2.jpg
290,1346gs.jpg,n07716358_10974.jpg
291,1046gs.jpg,000000207151.jpg
292,1241gs.jpg,n02118333_3903.jpg
293,1032gs.jpg,000000146929.jpg
294,1030gs.jpg,000000136929.jpg
295,1066gs.jpg,000000289883.jpg
296,1258gs.jpg,n02332755_4207.jpg
297,1373gs.jpg,n07929519_31690.jpg
298,1358gs.jpg,n07753592_3491.jpg
299,1208gs.jpg,n00440941_6794.jpg
300,1042gs.jpg,000000184218.jpg
301,1077gs.jpg,000000369295.jpg
302,1179gs.jpg,9fdf25ec79965e3f.jpg
303,1327gs.jpg,n04166281_6464.jpg
304,1280gs.jpg,n02433729_3376.jpg
305,1083gs.jpg,000000388422.jpg
306,1244gs.jpg,n02118333_9315.jpg
307,1040gs.jpg,000000166376.jpg
308,1321gs.jpg,n03791053_498.jpg
309,1101gs.jpg,000000444927.jpg
310,1014gs.jpg,000000073260.jpg
311,1204gs.jpg,f3d1acd39988a804.jpg
312,1092gs.jpg,000000421986.jpg
313,1262gs.jpg,n02342885_13864.jpg
314,1296gs.jpg,n03351262_1287.jpg
315,1206gs.jpg,fdd42cffe50c364c.jpg
316,1259gs.jpg,n02332755_9380.jpg
317,1223gs.jpg,n00480993_22316.jpg
318,1349gs.jpg,n07717556_4185.jpg
319,1129gs.jpg,121794a37b3aab8b.jpg
320,1049gs.jpg,000000210958.jpg
321,1068gs.jpg,000000304115.jpg
322,1041gs.jpg,000000178550.jpg
323,1256gs.jpg,n02324045_25319.jpg
324,1317gs.jpg,n03790512_13612.jpg
325,1222gs.jpg,n00480993_20536.jpg
326,1015gs.jpg,000000073647.jpg
327,1164gs.jpg,7aaf2ad4bd23d9a8.jpg
328,1202gs.jpg,e306debdd4e9da9c.jpg
329,1178gs.jpg,9f9627495742c52e.jpg
330,1103gs.jpg,000000450961.jpg
331,1118gs.jpg,000000527728.jpg
332,1084gs.jpg,000000390991.jpg
333,1088gs.jpg,000000410255.jpg
334,1037gs.jpg,000000162735.jpg
335,1188gs.jpg,b18ef29283a729de.jpg
336,1043gs.jpg,000000185248.jpg
337,1085gs.jpg,000000392115.jpg
338,1010gs.jpg,000000044240.jpg
339,1300gs.jpg,n03384352_6321.jpg
340,1065gs.jpg,000000280721.jpg
341,1216gs.jpg,n00468480_8753.jpg
342,1318gs.jpg,n03790512_31607.jpg
343,1276gs.jpg,n02396427_4088.jpg
344,1335gs.jpg,n04465501_1801.jpg
345,1119gs.jpg,000000535308.jpg
346,1008gs.jpg,000000032964.jpg
347,1326gs.jpg,n04166281_5182.jpg
348,1224gs.jpg,n00480993_28568.jpg
349,1260gs.jpg,n02332755_9646.jpg
350,1198gs.jpg,e02ad32855600a57.jpg
351,1058gs.jpg,000000235652.jpg
352,1235gs.jpg,n01846331_13275.jpg
353,1360gs.jpg,n07753592_6132.jpg
354,1091gs.jpg,000000415747.jpg
355,1024gs.jpg,000000115635.jpg
356,1323gs.jpg,n03791053_8113.jpg
357,1220gs.jpg,n00480993_14945.jpg
358,1038gs.jpg,000000164487.jpg
359,1285gs.jpg,n02691156_7027.jpg
360,1187gs.jpg,b080e8dae70bfe84.jpg
361,1191gs.jpg,c2bbd341fb948b09.jpg
362,1279gs.jpg,n02431785_25175.jpg
363,1272gs.jpg,n02396427_10306.jpg
364,1243gs.jpg,n02118333_8931.jpg
365,1034gs.jpg,000000156461.jpg
366,1173gs.jpg,875fe886b023ae54.jpg
367,1233gs.jpg,n01811909_8742.jpg
368,1132gs.jpg,1e688fd4c90bf62d.jpg
369,1309gs.jpg,n03594945_10851.jpg
370,1109gs.jpg,000000489328.jpg
371,1016gs.jpg,000000073889.jpg
372,1255gs.jpg,n02324045_1847.jpg
373,1162gs.jpg,6d765c78cdac0079.jpg
374,1329gs.jpg,n04231693_22574.jpg
